TAZ,TAZT,Jobs,ParkTrail,ActivityCenter,Grocery,HealthFac,SchoolU
1037,1037,3637,1,1,0,3,1
1206,1206,1081,1,0,0,0,2
1212,1212,412,2,0,0,1,1
1213,1213,559,0,1,0,1,2
1224,1224,224,1,1,1,1,0
1401,1401,343,1,0,0,0,1
1403,1403,375,0,0,1,1,1
1421,1421,1421,1,1,0,0,1
1429,1429,323,0,0,1,0,1
1601,1601,838,0,0,0,0,2
1620,1620,290,0,1,0,1,1
1624,1624,506,0,0,1,0,1
1628,1628,408,0,0,0,0,1
1816,1816,418,1,0,0,1,2
2203,2203,578,1,1,0,0,3
2213,2213,879,0,0,0,3,0
2216,2216,590,1,2,1,0,1
2402,2402,299,1,0,0,0,2
2407,2407,1533,1,2,1,1,4
2414,2414,194,1,0,0,1,0
2415,2415,275,0,0,1,0,2
2428,2428,202,1,0,0,0,1
2434,2434,630,1,1,0,0,0
2632,2632,1486,0,0,0,1,2
2643,2643,280,0,1,0,0,1
2816,2816,1265,1,1,2,4,2
3001,3001,1655,2,0,0,0,2
3031,3031,550,1,0,0,0,2
3208,3208,1142,1,0,0,1,0
3408,3408,432,1,0,0,0,1
3411,3411,1396,0,1,0,3,3
3419,3419,474,1,1,0,0,1
3603,3603,579,1,1,1,1,2
3608,3608,713,1,0,1,2,0
3610,3610,3617,0,3,2,2,1
3612,3612,819,1,0,1,0,1
4247,4247,526,3,2,0,0,1
4249,4249,522,1,0,0,0,1
4411,4411,1089,1,0,1,0,2
4412,4412,249,1,0,0,0,1
4416,4416,1824,1,0,0,0,3
4427,4427,2136,1,0,1,1,4
4434,4434,264,1,0,0,0,1
4452,4452,228,1,0,0,0,2
4462,4462,304,1,0,1,0,1
4612,4612,720,1,1,0,0,0
4623,4623,1195,1,0,0,0,1
4814,4814,2810,2,0,0,6,1
4828,4828,180,1,0,0,0,1
3615,3615,259,1,0,1,0,3
4003,4003,655,1,0,0,2,2
4004,4004,1880,2,1,1,0,4
4013,4013,176,0,0,0,0,1
4030,4030,659,1,0,0,0,2
4041,4041,294,1,0,0,0,1
4045,4045,546,1,0,0,2,0
4202,4202,666,2,0,0,0,1
4205,4205,409,1,0,0,1,1
4216,4216,255,0,0,0,0,1
4244,4244,294,1,0,0,0,1
4245,4245,218,1,0,0,0,1
25,25,221,1,0,0,1,0
54,54,2313,0,0,0,1,0
129,129,2940,2,0,0,1,1
138,138,621,1,0,0,1,1
408,408,115,1,0,0,0,1
409,409,876,0,1,1,2,1
410,410,788,1,0,0,1,2
430,430,568,0,0,0,0,1
620,620,567,0,0,0,0,1
819,819,1066,0,0,0,0,2
839,839,279,0,0,0,1,0
1012,1012,57,2,0,0,1,0
6211,6211,419,1,0,0,0,1
6412,6412,411,1,0,0,1,0
7023,7023,1123,1,0,0,0,1
7031,7031,1455,1,0,0,1,1
7047,7047,1606,2,0,1,0,0
7202,7202,1861,3,0,0,0,3
7213,7213,172,2,1,0,0,0
7238,7238,137,2,0,0,0,2
8413,8413,578,1,0,0,0,1
8416,8416,63,2,0,0,1,0
10002,10002,895,1,0,0,0,2
10033,10033,326,1,0,0,0,1
10206,10206,849,1,0,0,0,1
10209,10209,3523,1,0,0,0,2
8007,8007,2716,0,0,0,2,2
8010,8010,2209,1,0,0,1,4
8011,8011,2511,1,0,2,1,0
8204,8204,208,2,0,1,0,0
8210,8210,1171,2,0,0,0,1
5021,5021,227,2,0,0,0,1
5024,5024,122,0,0,0,1,1
5025,5025,774,1,0,0,0,2
5040,5040,317,2,0,0,0,2
5041,5041,582,1,0,0,0,1
5044,5044,666,1,0,0,0,4
5056,5056,2029,0,0,0,1,0
5059,5059,2988,0,1,0,1,1
6005,6005,1587,1,0,0,1,0
6016,6016,831,1,1,1,0,0
11009,11009,657,2,0,0,1,0
11029,11029,358,0,0,0,0,2
11039,11039,174,1,1,0,0,0
11208,11208,468,1,0,0,0,1
11411,11411,90,1,0,0,0,1
11604,11604,1110,2,0,1,0,0
11606,11606,255,1,0,0,0,1
11621,11621,1500,2,0,0,2,0
11623,11623,1297,3,0,2,0,0
12236,12236,660,2,0,0,2,0
12243,12243,1103,1,0,0,0,1
12406,12406,1279,1,0,0,1,0
12411,12411,2372,2,1,1,0,0
12413,12413,2553,1,0,0,1,2
12421,12421,2328,1,0,0,1,1
12422,12422,1240,1,0,1,0,0
12427,12427,363,3,0,0,1,0
12429,12429,341,1,0,0,0,1
14022,14022,189,2,0,0,0,1
11645,11645,2333,3,0,0,0,2
11646,11646,4496,3,1,1,0,4
11802,11802,1396,1,3,0,0,2
11804,11804,1652,1,0,0,1,1
11825,11825,1181,1,0,0,0,2
12005,12005,2221,1,0,0,2,0
12014,12014,690,1,0,0,0,1
12202,12202,3263,2,0,1,2,2
12207,12207,3424,2,0,0,2,2
12219,12219,1037,1,0,0,1,2
10214,10214,5870,1,0,0,2,0
10219,10219,4696,0,0,0,2,0
10415,10415,570,1,1,0,0,0
10430,10430,384,1,1,0,0,2
10611,10611,371,1,0,0,0,2
10617,10617,1073,4,0,0,0,1
10624,10624,286,1,0,1,0,1
10805,10805,973,3,0,0,0,1
15601,15601,247,2,1,0,1,0
15616,15616,659,1,0,0,0,1
15622,15622,2392,1,0,0,0,1
15625,15625,460,1,0,1,0,1
15804,15804,210,1,1,0,0,1
15806,15806,434,1,1,1,0,1
15814,15814,3,0,0,0,1,0
16202,16202,296,2,0,0,0,1
16205,16205,1618,4,1,0,0,2
16207,16207,337,1,0,0,0,1
16221,16221,844,1,0,1,0,0
16223,16223,249,1,0,0,0,2
14213,14213,179,1,0,0,0,1
14410,14410,436,3,0,0,0,1
14411,14411,306,1,0,0,1,1
14433,14433,3377,3,1,0,3,2
14605,14605,426,4,1,0,1,0
14622,14622,975,1,0,0,0,2
14628,14628,421,5,0,0,0,1
15212,15212,576,1,0,0,0,1
15223,15223,4218,2,0,0,1,2
15231,15231,298,0,0,1,0,1
15235,15235,1813,1,0,0,3,1
15236,15236,1401,1,0,3,0,0
15239,15239,1080,1,0,0,0,1
15244,15244,2417,1,0,0,1,1
15402,15402,929,2,0,0,1,0
18413,18413,898,1,0,1,0,0
18417,18417,1519,1,0,0,0,2
18619,18619,3215,3,0,0,4,1
18625,18625,520,3,0,0,0,1
18817,18817,1621,1,0,0,0,1
18820,18820,1035,5,0,0,0,3
18825,18825,1677,2,0,0,2,2
18826,18826,1347,6,0,0,0,2
19003,19003,6312,2,0,1,2,0
20062,20062,305,2,0,1,0,2
20077,20077,739,2,0,0,1,2
20083,20083,293,0,0,0,0,1
20013,20013,4518,0,1,1,2,0
20024,20024,257,1,0,0,0,1
20043,20043,398,1,0,0,0,1
18002,18002,1495,1,0,1,2,1
18031,18031,3802,2,0,0,2,1
18037,18037,1141,3,1,0,0,0
18040,18040,1129,3,0,0,1,2
18233,18233,778,2,0,1,0,0
18242,18242,3181,6,0,0,2,3
20624,20624,767,1,0,0,0,2
20809,20809,82,2,0,0,0,1
22052,22052,680,1,0,0,0,3
22066,22066,655,2,0,0,0,1
22205,22205,407,1,0,0,0,1
22221,22221,1574,2,0,1,0,2
22222,22222,5334,1,0,1,0,1
22225,22225,1474,3,0,1,0,0
22240,22240,244,2,1,0,0,1
22402,22402,864,4,0,1,0,0
20822,20822,135,1,0,0,0,1
22003,22003,817,1,0,0,0,2
22015,22015,649,3,0,0,0,3
22018,22018,560,1,1,0,1,0
22028,22028,608,2,0,0,1,1
22030,22030,727,1,0,0,1,2
22040,22040,623,2,0,0,0,2
20248,20248,4177,1,0,0,2,3
20257,20257,546,1,0,0,1,2
20417,20417,821,2,0,0,0,2
20439,20439,1741,2,0,0,1,2
22609,22609,900,1,0,0,0,1
22611,22611,341,1,0,0,0,1
22617,22617,1039,2,0,0,0,2
22806,22806,4139,2,1,0,0,0
22807,22807,2043,1,0,1,0,2
22814,22814,1219,1,1,0,0,3
22817,22817,1017,2,1,0,1,0
22825,22825,210,1,0,0,0,1
24813,24813,426,1,0,1,1,0
25011,25011,912,1,0,0,0,3
25025,25025,2010,2,0,0,0,2
6,6,950,1,0,0,0,1
11,11,1328,1,0,0,0,1
28,28,762,1,0,0,0,1
29,29,276,1,0,0,0,1
44,44,3998,0,0,0,1,0
59,59,5973,0,1,0,0,2
113,113,2063,0,0,0,2,0
116,116,3839,0,0,0,0,1
121,121,1137,1,0,0,0,1
24026,24026,1022,1,1,1,0,1
24216,24216,1002,1,0,1,0,1
24220,24220,2152,1,0,0,0,3
24222,24222,1315,1,0,0,0,2
24418,24418,596,2,0,0,0,1
24420,24420,265,2,0,0,0,2
24612,24612,349,4,1,0,0,1
22417,22417,1269,3,0,0,1,5
22420,22420,724,2,0,1,0,1
22425,22425,530,2,0,0,0,1
22434,22434,355,3,0,0,0,1
2642,2642,763,0,0,0,1,3
2646,2646,699,1,0,0,1,1
2802,2802,426,0,0,0,0,1
3016,3016,554,0,0,0,1,0
3022,3022,298,0,0,0,0,1
3203,3203,1012,3,0,0,1,1
3214,3214,1095,2,0,1,1,0
3403,3403,549,0,0,0,0,2
3412,3412,4406,0,0,1,0,4
3413,3413,818,0,0,0,1,0
3620,3620,4418,1,0,2,1,2
128,128,1299,1,0,1,1,2
134,134,5350,1,1,0,0,0
401,401,1201,1,0,0,2,3
404,404,1685,0,1,0,1,2
616,616,741,1,0,1,0,5
629,629,693,1,0,0,0,1
805,805,425,1,0,0,0,1
810,810,1773,0,1,0,0,2
814,814,1125,1,0,1,0,3
1006,1006,181,0,0,0,0,1
1029,1029,342,0,0,0,0,1
1033,1033,333,0,0,0,0,1
1202,1202,153,1,0,0,0,2
1210,1210,342,0,0,0,0,4
1219,1219,320,1,0,0,0,1
1230,1230,803,1,0,0,0,1
1233,1233,1377,0,0,1,0,2
1419,1419,632,0,1,0,0,4
1432,1432,727,0,0,0,0,2
1435,1435,1040,1,0,0,1,1
1444,1444,632,1,0,0,0,2
1607,1607,442,0,0,0,0,1
1608,1608,108,1,0,0,0,1
2006,2006,1083,1,0,1,0,2
2021,2021,766,2,0,0,0,1
2205,2205,550,1,0,0,1,0
2207,2207,343,0,0,0,0,1
2210,2210,614,5,0,0,0,1
2405,2405,300,1,0,1,0,1
2424,2424,675,0,1,0,1,3
2606,2606,459,0,0,0,0,1
2610,2610,203,2,0,0,0,1
2617,2617,1308,1,0,0,0,3
2622,2622,405,0,0,0,1,3
2624,2624,202,1,0,0,1,0
4408,4408,280,1,0,0,0,1
4445,4445,432,2,1,1,0,1
4454,4454,1511,0,1,0,1,1
4460,4460,1348,2,0,0,0,1
4463,4463,162,1,0,0,1,0
4614,4614,802,2,0,1,0,0
4804,4804,1659,2,0,1,1,0
4805,4805,1288,1,2,0,0,1
4813,4813,458,3,0,0,0,1
6216,6216,152,1,0,0,1,0
6617,6617,158,1,0,0,0,1
6804,6804,183,0,0,0,0,1
4831,4831,1004,1,0,0,1,2
4833,4833,543,1,1,0,0,1
5026,5026,502,1,0,0,1,0
5042,5042,620,1,1,0,0,0
5045,5045,539,1,0,0,0,3
5053,5053,511,1,0,1,0,0
6015,6015,965,0,0,0,0,1
3622,3622,183,0,1,0,2,1
4007,4007,754,1,0,0,0,1
4008,4008,346,1,0,0,0,2
4024,4024,261,1,0,0,0,1
4040,4040,1269,2,0,0,0,1
4046,4046,422,1,0,0,0,1
4052,4052,1521,0,0,1,0,2
4219,4219,1007,2,0,1,1,1
4222,4222,460,1,0,0,1,1
4227,4227,218,0,1,0,0,0
4236,4236,266,1,0,1,1,0
7234,7234,216,1,0,0,0,1
7236,7236,489,2,0,0,0,2
7412,7412,177,1,0,0,1,1
7413,7413,1089,2,1,0,0,1
7429,7429,755,1,0,1,0,2
7602,7602,788,1,0,0,1,0
7805,7805,168,1,0,0,0,2
7812,7812,658,0,0,0,0,1
7818,7818,435,1,0,0,0,1
7824,7824,302,1,0,0,1,0
8005,8005,898,1,1,0,2,2
8209,8209,1967,2,0,1,0,0
8211,8211,559,2,1,0,0,0
8216,8216,553,1,0,0,0,1
8414,8414,289,0,0,0,0,1
10004,10004,450,1,0,0,0,1
10005,10005,3240,1,0,0,4,2
10039,10039,1128,1,1,0,0,1
10402,10402,3790,3,1,3,3,3
7016,7016,499,1,0,1,1,1
7042,7042,304,1,0,0,0,1
7208,7208,633,1,0,0,0,1
7212,7212,920,1,0,0,0,1
7214,7214,823,1,0,0,0,1
7218,7218,286,0,0,0,0,1
7226,7226,3530,1,1,0,0,4
7228,7228,431,3,0,0,2,0
11010,11010,361,1,0,0,1,0
11011,11011,772,1,0,0,1,1
11022,11022,1450,1,0,1,2,1
11031,11031,424,1,0,0,1,1
11040,11040,1625,2,0,0,0,1
11207,11207,605,2,0,1,0,1
11402,11402,1216,2,0,0,1,0
11407,11407,182,1,0,0,0,1
11815,11815,1156,3,0,0,0,1
12001,12001,1734,1,1,0,0,2
12019,12019,1793,1,0,0,1,0
12020,12020,2295,0,0,0,1,1
12034,12034,1316,1,0,0,0,1
12212,12212,460,1,0,0,0,1
12215,12215,640,1,0,1,0,3
12240,12240,625,3,0,0,0,2
12246,12246,1354,0,2,0,0,1
12252,12252,800,2,0,0,3,4
11409,11409,392,1,0,0,0,2
11412,11412,795,7,0,1,0,1
11416,11416,2277,9,2,0,1,1
11418,11418,160,6,0,0,0,1
11424,11424,741,2,0,0,0,1
11609,11609,1201,2,1,0,0,0
11633,11633,1380,1,1,0,0,3
11644,11644,12330,3,0,0,0,1
11647,11647,1286,2,0,0,3,0
11811,11811,1302,1,1,1,0,2
11813,11813,776,1,0,0,1,0
10420,10420,804,2,0,0,0,1
10441,10441,1008,1,0,0,0,1
10442,10442,420,1,0,0,0,1
10444,10444,229,1,1,0,0,1
10613,10613,174,2,0,0,0,1
10801,10801,475,2,0,0,0,1
10802,10802,1963,2,0,1,1,1
10803,10803,314,2,0,0,0,1
15208,15208,221,3,1,0,0,0
15225,15225,1012,2,0,0,1,1
15227,15227,1068,2,0,0,0,1
15248,15248,681,2,0,1,0,0
15249,15249,997,2,0,0,0,2
12410,12410,2777,2,0,0,1,0
14026,14026,250,1,1,0,0,0
14208,14208,167,1,0,0,0,1
14405,14405,166,2,0,0,0,1
14409,14409,725,3,0,1,0,2
14601,14601,349,1,0,0,1,0
14604,14604,1356,2,0,1,0,0
14607,14607,736,3,0,0,0,1
14616,14616,1914,1,0,0,3,1
14617,14617,220,1,1,0,1,2
14626,14626,774,1,0,0,1,1
16043,16043,673,2,0,0,0,2
16220,16220,258,2,0,0,0,1
16224,16224,530,1,0,0,0,3
18012,18012,1557,1,0,0,2,3
18019,18019,771,2,0,0,1,1
18024,18024,502,3,0,0,0,1
18038,18038,357,2,0,0,0,1
18039,18039,2441,2,1,0,0,3
18226,18226,863,1,0,0,1,1
18228,18228,1249,2,0,0,0,1
19004,19004,1574,4,0,0,0,2
19007,19007,724,1,0,0,0,2
19024,19024,1751,2,0,0,0,2
20003,20003,1833,1,0,0,0,1
20005,20005,345,2,0,1,0,4
18232,18232,895,1,0,0,0,1
18240,18240,2316,4,0,1,0,2
18618,18618,81,2,0,0,0,1
18620,18620,1971,6,0,0,0,3
18621,18621,449,2,1,0,0,1
18624,18624,971,2,0,0,0,1
18633,18633,924,2,0,0,1,0
15409,15409,460,1,0,0,1,0
15615,15615,2529,2,1,0,0,1
15808,15808,314,1,0,0,0,1
15826,15826,3707,4,0,1,3,0
16029,16029,424,1,0,0,0,1
20078,20078,724,1,0,0,0,2
20088,20088,222,1,0,0,0,1
20091,20091,1454,1,0,1,2,2
20219,20219,327,1,1,0,0,0
20227,20227,1329,0,0,1,0,0
20241,20241,422,1,0,1,0,0
20250,20250,570,0,1,0,1,2
20402,20402,125,1,0,0,0,1
20436,20436,1711,1,0,0,1,1
20437,20437,301,1,0,0,0,1
20438,20438,605,1,0,0,0,1
20604,20604,129,1,0,0,0,3
20010,20010,337,1,0,0,0,1
20021,20021,939,1,0,1,1,3
20023,20023,863,2,0,0,0,1
20032,20032,1065,1,0,0,0,3
20053,20053,347,2,0,0,0,2
20066,20066,267,0,0,0,0,1
22064,22064,1956,1,0,0,0,2
22201,22201,1917,1,0,0,0,2
22209,22209,3451,2,0,0,2,2
22214,22214,1889,2,1,0,0,1
22215,22215,2415,1,0,0,1,1
22239,22239,1281,0,1,1,0,2
22247,22247,2078,1,0,0,3,3
22401,22401,510,2,0,0,0,2
22640,22640,533,1,0,1,0,1
22834,22834,309,0,0,0,0,1
22841,22841,839,1,0,0,1,0
24009,24009,809,1,0,0,0,6
24029,24029,367,1,0,0,0,1
24036,24036,809,1,1,0,0,0
22409,22409,935,2,0,0,1,0
22418,22418,175,1,0,0,0,1
22422,22422,85,3,0,0,0,1
22432,22432,385,2,0,0,0,1
22604,22604,501,2,0,0,0,1
22608,22608,579,1,0,1,0,3
22623,22623,462,1,0,1,0,0
22633,22633,647,1,0,0,0,3
22634,22634,238,1,0,0,0,1
20815,20815,669,1,0,0,0,2
22014,22014,923,1,0,0,0,3
22033,22033,158,0,0,0,0,1
22035,22035,566,2,1,0,1,3
22038,22038,682,1,0,0,0,5
22039,22039,128,2,1,0,0,0
22043,22043,1375,1,0,0,0,2
22053,22053,188,0,0,0,0,1
7806,7806,574,2,0,0,0,1
7811,7811,4545,4,0,1,0,1
8008,8008,348,0,0,0,1,0
8013,8013,135,1,0,0,0,2
8207,8207,1151,2,0,1,3,2
8212,8212,515,1,0,0,1,0
8215,8215,1134,1,1,0,2,0
8402,8402,597,1,0,0,0,1
8404,8404,182,0,0,0,0,1
20208,20208,1746,1,2,0,1,2
20211,20211,1172,2,0,0,0,1
20236,20236,1836,1,0,0,0,2
20240,20240,166,1,0,0,0,1
20245,20245,454,0,0,0,0,1
20266,20266,1596,1,0,0,4,1
20270,20270,6481,0,0,1,4,0
20272,20272,2353,0,0,0,1,0
20409,20409,625,1,0,0,0,1
5022,5022,1761,1,0,1,4,0
5047,5047,1633,1,0,0,1,0
6006,6006,295,1,0,0,0,1
6007,6007,1542,1,1,0,0,3
6201,6201,774,1,0,0,1,0
6202,6202,254,1,0,0,0,1
6409,6409,446,0,0,0,1,1
6410,6410,816,1,0,0,0,1
6413,6413,1631,1,1,1,0,2
12426,12426,2331,4,0,0,1,0
12431,12431,194,1,0,0,0,1
14021,14021,359,0,0,0,0,1
8429,8429,161,2,0,0,1,0
14413,14413,277,4,0,0,1,0
14421,14421,186,1,0,0,0,1
14427,14427,1675,2,0,0,0,3
14615,14615,3667,2,0,0,4,1
14638,14638,294,2,0,0,0,2
14802,14802,625,1,0,0,0,1
14807,14807,1209,1,1,0,0,0
15006,15006,789,2,0,0,0,2
15205,15205,649,2,0,0,0,3
15404,15404,2793,1,0,0,2,2
15419,15419,682,2,0,0,0,1
15606,15606,543,0,0,0,2,1
15610,15610,1190,1,0,2,0,2
15614,15614,2833,1,0,1,0,2
15617,15617,2600,1,0,0,1,3
15621,15621,819,1,0,1,0,1
15624,15624,2030,1,0,0,0,1
15630,15630,2183,1,0,1,4,0
15631,15631,4186,1,0,0,7,0
15803,15803,228,1,0,0,1,1
15809,15809,465,2,1,0,0,0
16025,16025,422,2,0,0,1,0
16038,16038,377,2,0,0,0,1
16041,16041,542,0,0,0,0,3
16046,16046,576,2,1,0,0,3
16218,16218,499,1,0,0,0,2
16226,16226,920,1,0,0,0,2
16228,16228,1195,1,1,1,0,1
18010,18010,8179,2,0,0,0,1
18016,18016,386,2,0,0,0,1
18022,18022,343,1,0,0,0,1
18027,18027,330,4,0,1,0,2
18041,18041,925,1,0,0,1,6
18215,18215,1086,0,0,0,0,5
18236,18236,1609,1,0,0,0,1
18809,18809,1366,2,0,0,2,0
18813,18813,372,2,0,0,0,1
18814,18814,2093,1,3,0,0,3
20028,20028,535,2,0,0,1,0
20033,20033,598,1,0,1,0,1
20051,20051,1743,2,1,1,0,1
20087,20087,459,2,0,1,0,0
20209,20209,586,2,0,0,0,3
20212,20212,3425,1,1,1,0,1
20213,20213,866,1,0,1,0,2
20221,20221,3358,1,0,0,1,0
20228,20228,1180,1,0,1,0,2
20229,20229,444,1,0,0,1,1
20234,20234,873,1,1,0,0,1
20237,20237,585,1,0,0,1,1
20239,20239,2715,3,0,1,1,4
20251,20251,1499,1,0,0,1,1
20254,20254,2205,1,0,0,0,1
20255,20255,2500,1,1,0,1,0
20407,20407,699,1,0,1,0,0
20418,20418,1933,3,0,0,2,1
20623,20623,121,0,0,0,0,2
22001,22001,447,1,0,0,0,2
22012,22012,2813,4,1,0,1,3
22051,22051,731,1,1,0,0,3
22063,22063,1516,1,0,0,0,1
22212,22212,1145,1,0,0,2,2
22220,22220,964,1,1,0,1,0
22229,22229,1718,1,0,0,0,3
22233,22233,977,1,0,0,1,0
22234,22234,2053,4,0,0,0,1
22631,22631,254,1,0,0,0,1
22632,22632,825,4,0,0,0,1
22801,22801,2276,1,0,0,3,0
22810,22810,212,1,0,0,0,1
22826,22826,227,0,0,0,0,1
24008,24008,574,1,0,0,0,2
24013,24013,354,1,0,0,0,1
24410,24410,422,2,1,0,2,0
24608,24608,1406,3,1,0,0,0
24824,24824,255,1,0,0,0,1
25023,25023,1305,1,0,0,0,2
8,8,753,1,0,0,1,0
17,17,2271,2,0,0,1,0
23,23,1498,1,0,0,1,3
35,35,1830,1,1,0,0,1
22243,22243,2230,0,0,0,0,2
22250,22250,2070,0,0,1,2,1
22253,22253,3159,1,0,0,0,1
22254,22254,420,2,1,0,0,0
22410,22410,291,0,0,0,0,2
22426,22426,1825,2,1,0,1,4
22438,22438,346,1,0,0,0,1
22602,22602,1117,1,0,0,0,1
22610,22610,545,2,0,0,0,2
22613,22613,280,1,0,0,0,1
22624,22624,801,2,0,0,0,2
24020,24020,941,1,0,0,1,1
24025,24025,283,1,0,0,0,2
24210,24210,1029,2,0,1,0,2
24401,24401,232,2,0,0,0,1
24403,24403,1492,0,0,1,2,0
24415,24415,360,1,2,0,0,1
24423,24423,1070,2,0,0,0,2
24601,24601,1019,2,1,0,0,3
24819,24819,686,1,0,0,1,1
10008,10008,733,0,0,1,1,2
10012,10012,2433,1,1,0,1,0
10024,10024,247,1,1,0,0,0
10031,10031,556,1,0,0,1,1
10227,10227,1125,1,0,0,1,1
10408,10408,1473,0,0,0,0,1
10421,10421,1886,3,1,0,0,0
10423,10423,324,1,0,0,1,0
10424,10424,1350,2,0,0,0,1
10427,10427,548,1,0,0,0,1
20420,20420,1085,2,1,0,0,2
20648,20648,303,1,0,0,1,0
20650,20650,230,2,0,0,0,1
6612,6612,129,1,1,0,0,1
6619,6619,217,1,0,0,0,1
6624,6624,185,1,0,0,0,1
14,14,161,0,0,0,0,1
31,31,166,4,0,0,0,1
66,66,1755,1,1,0,1,0
72,72,1642,0,1,0,0,0
10435,10435,1601,2,1,0,0,3
10437,10437,162,2,0,0,1,0
10446,10446,660,1,0,0,0,1
10615,10615,751,1,0,0,0,2
10628,10628,164,1,0,0,0,4
10807,10807,406,2,0,0,0,1
10821,10821,562,1,0,0,0,1
10822,10822,547,2,1,0,1,0
11014,11014,394,1,1,1,0,2
20824,20824,10,1,0,0,0,1
22007,22007,268,0,0,0,0,1
22010,22010,557,1,1,0,0,6
22027,22027,608,1,0,0,0,3
22047,22047,1382,2,1,0,0,2
7032,7032,1507,1,0,0,1,1
7036,7036,394,1,0,0,0,1
7058,7058,167,1,0,0,0,1
7216,7216,239,2,0,0,0,1
7223,7223,155,4,0,0,0,1
84,84,2785,0,0,0,0,1
108,108,2059,0,1,0,3,0
132,132,1010,0,0,0,2,1
141,141,672,1,0,0,1,0
405,405,506,1,0,0,2,4
434,434,580,0,0,1,1,1
603,603,727,1,0,0,0,2
627,627,402,1,0,0,0,2
803,803,883,0,0,1,0,0
816,816,317,1,0,0,0,1
821,821,480,0,0,0,1,1
841,841,321,1,0,0,0,1
842,842,605,1,0,0,0,1
843,843,898,1,1,0,0,3
845,845,510,0,0,0,1,2
1001,1001,408,3,0,0,0,1
1005,1005,504,0,0,0,1,2
1016,1016,782,1,1,0,1,1
1032,1032,829,0,0,0,2,2
1218,1218,732,1,0,0,2,2
1406,1406,326,1,0,0,1,0
11404,11404,625,1,0,0,0,2
11420,11420,672,6,0,1,1,0
11601,11601,1930,1,1,1,4,0
11625,11625,1118,2,0,0,0,1
11626,11626,2431,1,0,1,0,0
11640,11640,3495,2,1,0,1,1
11807,11807,1537,1,0,0,1,0
11836,11836,941,1,0,0,1,0
11841,11841,986,3,0,0,4,0
22072,22072,339,1,0,0,0,1
22203,22203,1111,1,0,1,0,2
22219,22219,2777,1,0,0,1,1
22224,22224,1029,1,0,0,0,1
22414,22414,1232,2,1,0,0,2
22443,22443,1180,1,0,0,0,1
7404,7404,1035,1,0,1,0,0
7436,7436,492,2,0,0,0,1
1431,1431,994,0,0,0,0,3
1437,1437,470,0,0,0,1,5
1603,1603,1308,1,0,0,1,2
1611,1611,379,0,0,0,0,1
1616,1616,2464,2,0,0,0,1
1618,1618,187,1,0,0,0,1
1625,1625,268,0,0,0,1,0
12035,12035,1325,2,0,0,1,2
12211,12211,1391,1,0,1,2,1
12222,12222,639,1,0,0,1,1
12230,12230,1160,3,0,0,0,2
12238,12238,2576,2,0,3,1,6
12242,12242,1210,2,0,0,0,1
12244,12244,2845,0,0,0,1,2
12247,12247,850,1,0,0,1,1
12250,12250,1058,4,0,0,3,2
12402,12402,1177,3,1,0,0,2
12430,12430,1291,1,0,0,1,0
22620,22620,1513,2,0,0,0,3
22622,22622,648,1,1,0,0,1
22629,22629,512,2,0,0,0,1
22828,22828,523,1,0,0,0,2
22837,22837,373,1,0,1,0,2
7607,7607,543,3,0,0,0,1
7829,7829,2666,0,1,0,2,0
2012,2012,621,4,0,0,0,2
2015,2015,1072,1,1,0,1,1
2023,2023,2091,0,0,1,0,0
2209,2209,402,0,1,0,1,1
2211,2211,1228,0,0,0,0,2
2214,2214,1328,1,0,0,4,2
2409,2409,174,1,0,0,1,0
2411,2411,1076,0,2,0,1,1
2419,2419,279,1,0,0,1,1
2427,2427,312,1,0,0,0,2
2430,2430,428,2,0,0,0,3
2432,2432,419,1,0,1,1,4
2623,2623,207,0,0,0,0,1
2631,2631,305,0,0,0,0,1
2809,2809,2728,0,1,0,3,0
2812,2812,489,0,0,0,0,2
2814,2814,360,0,0,0,0,1
3003,3003,449,1,0,0,0,1
14009,14009,326,1,0,0,1,0
14015,14015,1609,1,0,1,2,1
14017,14017,600,3,0,0,0,1
14027,14027,595,2,0,1,0,0
14418,14418,1690,1,0,2,0,0
14419,14419,390,2,0,0,0,1
14428,14428,517,4,0,0,0,1
14431,14431,700,2,0,0,2,0
14608,14608,1062,5,0,0,1,1
24010,24010,643,2,0,0,0,1
24012,24012,608,1,0,0,0,1
24017,24017,388,1,0,0,0,2
24024,24024,701,1,0,0,0,2
24035,24035,1367,1,0,0,0,1
24208,24208,340,0,0,0,0,2
24223,24223,118,0,0,0,0,2
8014,8014,618,0,1,0,0,1
8019,8019,4916,3,0,0,2,5
8022,8022,307,1,0,0,0,1
8023,8023,7881,1,0,0,1,1
8028,8028,2412,2,0,0,0,2
8217,8217,672,1,0,0,0,3
3010,3010,189,1,0,0,1,1
3011,3011,474,1,0,0,0,1
3013,3013,122,0,0,0,1,0
3017,3017,383,1,0,0,0,1
3027,3027,411,2,0,0,0,1
3209,3209,936,2,1,0,0,1
3211,3211,276,2,0,0,0,2
3218,3218,232,2,0,0,0,1
3409,3409,1005,0,0,0,3,1
3410,3410,896,1,0,1,0,1
3418,3418,350,1,1,0,0,0
3422,3422,530,0,0,0,0,1
3616,3616,5699,1,0,0,1,3
4025,4025,1397,2,0,0,1,0
14611,14611,1504,1,2,0,1,0
14612,14612,267,1,0,0,0,1
14621,14621,2080,1,1,1,1,2
14806,14806,1498,1,0,0,1,1
14811,14811,2538,1,0,1,2,3
14812,14812,1918,3,0,0,0,3
15203,15203,515,3,0,0,0,2
15213,15213,201,1,0,0,0,1
15224,15224,2156,1,1,1,0,1
24230,24230,349,0,0,0,0,1
24408,24408,1811,1,0,0,4,1
24614,24614,1963,2,0,0,0,3
24615,24615,744,1,0,0,1,1
24818,24818,660,1,1,0,0,0
25003,25003,185,1,0,0,0,1
8411,8411,431,2,0,0,0,1
10007,10007,2154,1,0,1,0,3
10009,10009,1078,1,0,1,0,0
10013,10013,2843,0,0,1,0,0
10028,10028,812,1,0,1,1,2
10029,10029,667,1,0,0,0,2
10211,10211,4521,2,0,1,0,0
10217,10217,7066,1,0,0,0,1
10223,10223,4683,1,0,0,1,1
4223,4223,733,3,0,0,0,4
4229,4229,76,0,0,0,0,1
4234,4234,404,1,0,0,0,1
4241,4241,1344,2,1,0,1,1
4407,4407,375,1,0,0,0,4
4415,4415,552,1,0,0,0,2
4442,4442,541,2,0,0,0,1
4447,4447,230,3,1,1,0,0
4453,4453,1099,1,0,0,0,1
15245,15245,377,1,0,0,1,0
15247,15247,502,1,0,0,0,2
15401,15401,167,1,0,0,0,1
15407,15407,620,1,0,0,0,1
15612,15612,1248,2,0,0,5,1
15613,15613,109,2,0,0,1,0
15815,15815,592,1,0,0,1,0
16004,16004,251,1,0,0,0,1
16012,16012,1333,1,0,0,0,4
4,4,1508,0,0,0,0,2
5,5,710,1,0,0,0,1
46,46,1849,0,0,0,0,1
53,53,3799,0,0,0,0,3
81,81,3593,0,0,0,0,1
85,85,1598,2,0,0,0,1
94,94,5733,0,1,0,0,0
133,133,1955,1,0,0,1,2
137,137,1532,0,1,0,1,5
418,418,743,1,0,0,0,3
419,419,1118,0,0,0,0,1
420,420,274,0,0,0,1,2
421,421,393,1,0,0,1,3
605,605,91,2,1,0,1,0
606,606,633,1,0,0,0,1
623,623,1557,0,0,2,0,0
10404,10404,342,2,0,0,2,1
10405,10405,1333,1,0,0,1,0
10413,10413,973,1,0,1,0,0
10418,10418,561,2,0,0,0,1
10434,10434,3001,4,0,1,0,1
10601,10601,1246,0,0,2,2,3
10606,10606,2411,0,0,0,0,1
10626,10626,296,1,0,0,0,1
10804,10804,622,3,0,0,0,2
4807,4807,2073,1,0,1,1,1
4809,4809,1928,1,2,0,1,1
4827,4827,213,1,0,0,0,1
16014,16014,1618,1,0,1,0,1
16021,16021,482,1,0,1,0,0
16048,16048,1640,3,0,0,0,1
16206,16206,1684,4,0,0,0,2
18006,18006,2700,2,1,0,1,1
18008,18008,2897,1,0,1,0,1
18210,18210,805,2,0,0,0,2
18212,18212,361,3,0,0,0,1
18217,18217,2656,0,0,1,0,0
822,822,881,0,0,0,1,1
832,832,301,1,0,0,2,1
1003,1003,570,0,0,0,1,1
1013,1013,559,0,0,1,0,1
1026,1026,4393,0,0,0,2,1
1027,1027,1157,1,0,0,0,1
1039,1039,342,0,0,0,0,1
1209,1209,467,0,0,0,0,1
1211,1211,328,0,0,0,1,0
1217,1217,306,1,1,0,0,3
1229,1229,808,1,0,0,0,5
1232,1232,127,0,0,0,0,2
1234,1234,255,1,0,0,0,1
1415,1415,8411,0,0,0,2,0
1420,1420,1144,2,0,0,0,1
1426,1426,356,0,1,0,0,1
1430,1430,394,1,0,0,1,2
1433,1433,3774,0,0,0,1,4
1440,1440,248,1,0,0,0,1
1619,1619,510,1,0,0,0,2
11002,11002,1253,1,0,1,0,1
11008,11008,555,1,0,0,1,0
11023,11023,710,2,0,0,1,1
11024,11024,386,0,0,0,1,3
11028,11028,616,1,1,0,0,0
11405,11405,1429,8,2,0,1,2
4832,4832,481,1,0,0,0,3
5008,5008,789,2,1,0,0,1
5011,5011,541,1,0,0,0,2
5018,5018,862,2,0,0,1,2
5039,5039,2153,2,1,0,1,1
6008,6008,2929,1,0,0,3,0
18224,18224,1361,1,0,0,0,1
18225,18225,1812,2,0,0,0,3
18227,18227,1656,0,0,0,5,1
18230,18230,300,1,0,0,0,1
18237,18237,1138,3,0,0,0,2
18408,18408,394,1,1,0,0,1
18414,18414,2069,2,1,0,0,0
18606,18606,3824,1,2,0,0,1
2212,2212,617,0,0,0,0,1
2215,2215,1687,0,0,0,1,1
2425,2425,694,1,0,0,0,3
2426,2426,632,0,0,0,1,1
2429,2429,349,2,0,0,0,1
2435,2435,748,2,0,0,1,1
2439,2439,232,1,0,0,1,1
2609,2609,534,1,1,0,0,1
2614,2614,640,2,0,1,1,1
2616,2616,597,0,0,0,0,1
2620,2620,1158,1,0,0,0,3
2630,2630,237,0,0,0,0,1
2644,2644,191,0,1,0,0,0
2803,2803,387,0,0,0,1,1
2807,2807,1738,0,0,2,0,2
2823,2823,539,1,0,0,0,2
2825,2825,404,1,0,0,1,0
3026,3026,689,1,0,0,1,2
3030,3030,520,1,0,0,0,2
3033,3033,839,1,1,0,0,1
3205,3205,805,1,0,0,0,1
11419,11419,1012,4,0,0,0,2
11615,11615,749,1,0,0,1,1
11616,11616,219,1,0,0,0,2
11632,11632,2192,1,0,1,1,1
11634,11634,454,3,0,0,0,1
11637,11637,954,1,0,0,0,1
11638,11638,591,1,0,1,0,1
11648,11648,1999,2,0,1,1,1
7002,7002,228,1,0,0,1,1
7018,7018,845,1,0,1,0,0
7026,7026,1960,2,0,0,4,2
7038,7038,2553,2,1,0,1,0
18613,18613,704,3,0,0,0,2
18615,18615,1179,1,0,0,0,1
18801,18801,3045,1,1,1,0,2
19002,19002,135,1,0,0,0,1
3215,3215,613,1,0,0,2,0
3607,3607,286,1,0,0,0,1
3613,3613,1677,0,0,0,0,1
4005,4005,1390,1,0,0,0,2
4006,4006,1014,2,0,1,0,1
4009,4009,1117,2,1,2,0,0
4032,4032,1161,1,0,0,0,3
4044,4044,591,1,1,0,0,1
11801,11801,1407,3,0,0,2,1
11814,11814,543,1,0,0,2,1
11818,11818,1621,1,0,0,1,0
11819,11819,812,1,0,0,0,1
11820,11820,290,3,0,0,0,1
11827,11827,851,2,0,0,1,2
11839,11839,1597,2,0,0,0,1
11843,11843,352,1,0,0,0,3
12011,12011,534,1,0,0,1,1
12023,12023,609,1,0,0,0,1
12030,12030,860,1,0,1,0,0
7048,7048,429,2,0,0,0,2
7050,7050,3225,2,1,0,0,0
7054,7054,341,1,0,0,0,2
7209,7209,2420,2,0,1,0,1
7232,7232,385,1,0,0,0,1
7403,7403,763,1,0,1,0,2
7408,7408,567,1,0,0,2,2
7418,7418,181,1,0,0,0,1
7428,7428,329,2,0,0,0,1
20035,20035,880,1,1,0,0,0
20090,20090,1242,1,0,0,3,1
4050,4050,1302,1,0,0,0,1
4203,4203,1169,2,0,1,0,0
4224,4224,1876,1,0,2,1,0
4237,4237,1492,1,1,0,1,0
4238,4238,2615,1,1,2,0,2
4402,4402,359,1,0,0,0,1
4430,4430,192,1,0,1,0,0
4437,4437,395,1,0,1,0,0
4446,4446,352,0,0,0,0,1
4601,4601,346,1,0,0,0,1
4806,4806,1209,1,0,0,1,0
12036,12036,2644,2,0,1,1,1
12203,12203,871,2,0,1,2,1
12227,12227,487,2,1,1,1,1
12232,12232,232,0,0,0,1,0
12237,12237,1400,2,0,0,2,2
12251,12251,707,2,0,0,1,2
12408,12408,1947,2,0,1,0,2
12409,12409,4594,3,0,1,0,1
12417,12417,2500,2,0,0,0,1
10003,10003,1290,1,0,1,0,1
10011,10011,1526,1,0,0,0,1
10016,10016,1555,1,0,1,0,4
10019,10019,866,1,0,0,0,2
10221,10221,2038,4,0,1,0,4
10431,10431,1170,1,0,0,2,0
10433,10433,796,2,0,1,0,2
10449,10449,929,3,0,0,1,1
10806,10806,607,1,0,0,0,4
20233,20233,636,1,0,0,0,1
20264,20264,366,1,1,0,0,0
20267,20267,1068,1,0,0,0,1
20268,20268,483,1,0,0,0,4
2628,2628,461,1,0,0,1,1
2633,2633,639,0,0,0,2,0
2801,2801,364,0,0,0,1,1
2805,2805,693,0,0,0,1,2
2810,2810,1049,0,0,1,2,0
2817,2817,56,4,0,0,0,1
3007,3007,182,1,0,0,0,1
3015,3015,511,1,0,0,0,1
3206,3206,1255,2,0,0,0,1
3404,3404,1432,0,0,0,4,1
3420,3420,827,1,0,0,0,2
3423,3423,936,1,0,1,1,1
3621,3621,2594,1,0,0,0,2
4048,4048,955,1,0,0,0,1
12017,12017,986,2,1,1,0,1
12026,12026,777,1,0,0,1,2
12028,12028,1916,1,0,0,2,0
12204,12204,639,1,0,0,1,2
12217,12217,842,1,0,0,1,1
12220,12220,416,1,0,0,0,1
12412,12412,1378,1,0,0,0,1
12424,12424,1487,4,0,0,0,2
12428,12428,2976,2,0,0,0,1
14008,14008,262,1,1,0,0,1
14013,14013,381,1,0,0,2,0
14206,14206,590,1,0,0,0,2
14437,14437,770,1,0,0,6,1
14620,14620,1768,2,1,1,1,1
14631,14631,1140,2,0,0,1,1
14636,14636,733,1,0,0,2,0
14809,14809,778,1,0,0,0,2
15207,15207,817,2,0,1,0,2
15210,15210,736,2,0,0,1,1
15211,15211,544,1,0,0,0,2
15229,15229,1175,0,0,0,2,2
15230,15230,569,1,0,0,1,0
15241,15241,347,1,0,0,0,1
15405,15405,2275,2,0,0,1,0
15604,15604,425,1,0,0,2,0
15627,15627,3026,1,0,0,0,5
15632,15632,1175,1,0,1,1,3
15633,15633,1055,1,1,0,0,1
15812,15812,152,1,0,1,0,0
15813,15813,615,2,0,0,0,1
15822,15822,1460,1,0,1,0,1
16009,16009,819,1,1,0,1,1
16023,16023,1384,1,0,0,1,1
16036,16036,388,2,0,0,0,3
16210,16210,1407,3,1,0,0,1
16216,16216,1309,1,0,0,0,1
18028,18028,476,3,0,0,0,1
18030,18030,714,2,0,0,1,1
18034,18034,559,2,0,0,0,1
18208,18208,256,1,0,0,0,1
18223,18223,2765,2,0,0,2,0
18609,18609,2620,0,1,0,0,2
18611,18611,2043,1,1,0,0,2
18612,18612,815,1,0,0,0,1
18632,18632,2010,2,1,0,0,0
18802,18802,460,0,1,0,0,1
18810,18810,1326,5,1,0,0,1
18811,18811,257,2,1,0,0,1
18815,18815,230,3,0,0,0,1
18831,18831,653,5,0,0,1,1
20002,20002,373,1,0,0,0,1
20016,20016,730,1,0,0,0,1
20057,20057,111,1,0,0,0,1
20084,20084,590,1,1,0,0,1
20086,20086,213,2,0,0,0,1
20226,20226,454,1,0,0,1,1
20276,20276,1998,1,0,0,0,1
20421,20421,207,1,0,0,0,1
20641,20641,1448,1,0,1,1,3
20819,20819,703,1,0,0,0,3
22031,22031,584,3,0,0,0,1
22204,22204,1073,1,0,1,0,1
22206,22206,1179,2,0,0,1,1
22216,22216,1780,2,0,0,1,2
22217,22217,2563,5,0,0,2,2
22223,22223,2756,0,0,0,4,1
22228,22228,1903,1,0,0,1,3
22230,22230,558,1,0,0,0,1
22232,22232,2500,1,0,0,1,1
22403,22403,1058,2,0,0,0,1
22423,22423,386,2,0,0,0,1
22428,22428,430,2,0,0,0,2
22429,22429,1735,2,0,1,0,1
22436,22436,419,1,0,0,0,1
22444,22444,943,2,0,0,1,3
22445,22445,5513,2,1,1,1,2
22815,22815,555,2,0,0,0,1
22823,22823,809,1,0,0,0,1
24030,24030,1907,0,0,0,1,1
24039,24039,2733,1,1,0,3,1
24421,24421,889,2,0,0,0,1
24603,24603,562,1,0,1,0,1
24607,24607,1420,2,0,1,0,1
24610,24610,2032,0,0,0,0,1
24810,24810,278,2,0,0,0,2
24814,24814,680,0,0,0,0,2
25004,25004,309,2,0,0,1,1
25010,25010,127,1,0,0,0,1
25022,25022,707,1,0,0,1,0
426,426,1563,1,0,0,0,3
428,428,397,1,0,0,1,0
429,429,870,1,0,0,0,1
433,433,151,0,0,0,0,2
604,604,343,0,0,0,0,1
608,608,627,1,0,0,1,2
614,614,508,1,0,0,0,1
618,618,1211,1,0,0,0,2
624,624,941,2,0,0,0,2
625,625,809,0,1,0,1,1
808,808,620,1,0,1,1,3
1002,1002,269,2,0,0,2,0
1030,1030,19489,0,0,0,1,1
1222,1222,668,1,0,0,2,6
1235,1235,160,1,0,1,0,1
1237,1237,386,1,0,0,1,3
1606,1606,229,1,0,0,0,1
1626,1626,625,1,0,0,0,1
24202,24202,267,1,0,0,1,0
24405,24405,907,2,0,0,0,1
24406,24406,1793,2,1,0,0,0
25026,25026,1298,2,0,0,0,2
25029,25029,362,1,0,0,0,1
7,7,868,0,2,0,0,3
18,18,220,1,1,0,0,0
36,36,3567,0,0,0,0,1
58,58,3739,0,0,0,1,0
109,109,964,0,0,0,0,1
142,142,287,0,0,0,0,1
402,402,2835,1,0,0,0,3
403,403,1193,1,0,0,3,2
411,411,789,0,0,0,1,2
415,415,504,0,0,0,0,1
38,38,1934,0,0,0,2,0
63,63,1262,2,2,0,1,1
69,69,1116,0,1,0,0,1
110,110,248,0,1,0,0,0
125,125,1738,1,0,0,1,0
135,135,869,1,0,0,0,1
432,432,486,1,0,0,0,2
804,804,264,1,0,0,0,2
818,818,297,0,0,0,0,1
823,823,1553,1,0,2,0,0
824,824,330,1,0,0,0,1
831,831,539,1,0,0,1,1
834,834,1664,1,1,1,0,1
838,838,364,1,0,0,0,1
849,849,612,2,0,1,0,0
1007,1007,773,1,0,0,1,1
1031,1031,2364,0,0,1,1,0
1204,1204,221,3,0,0,0,1
11017,11017,818,1,0,0,0,1
11030,11030,280,1,0,0,0,2
11033,11033,349,1,0,0,0,1
11042,11042,33,0,0,1,0,0
11204,11204,325,2,0,0,0,1
11206,11206,1501,2,0,1,1,1
20282,20282,780,1,0,0,0,1
20419,20419,3092,2,0,0,1,0
20432,20432,355,1,0,0,0,3
20617,20617,1537,1,0,0,0,1
4207,4207,843,1,1,0,0,0
4213,4213,301,1,0,0,1,0
4226,4226,1663,1,0,1,0,0
4232,4232,132,1,0,0,0,2
4233,4233,1735,1,0,0,2,0
4414,4414,2587,1,1,0,2,1
4429,4429,1573,1,0,2,1,3
4451,4451,2688,2,0,0,2,1
4467,4467,308,0,0,0,0,1
4602,4602,1000,1,0,0,1,0
4607,4607,1681,2,2,1,4,2
4610,4610,857,2,1,0,0,0
4620,4620,886,2,0,0,2,0
1402,1402,646,0,0,0,1,1
1405,1405,477,1,0,0,0,2
1408,1408,1355,1,0,1,1,1
1410,1410,346,0,0,0,0,1
1416,1416,1681,1,1,0,0,3
1418,1418,1049,1,1,0,0,1
1605,1605,1547,1,1,0,0,0
1613,1613,114,0,0,0,0,1
1623,1623,231,0,0,1,0,0
2018,2018,843,1,0,0,0,2
2020,2020,487,1,0,0,0,2
2408,2408,272,1,0,0,0,1
11401,11401,2482,2,0,0,0,1
11428,11428,762,3,0,0,0,1
11614,11614,1618,2,1,0,0,0
11617,11617,326,1,0,0,0,2
11812,11812,1173,1,0,1,0,1
11816,11816,2012,1,0,0,0,2
11826,11826,1960,1,2,0,3,0
4808,4808,4586,1,2,0,1,0
4819,4819,453,1,0,0,0,2
4823,4823,78,0,0,0,0,1
5003,5003,1078,2,0,2,1,0
5006,5006,1015,2,0,0,0,2
5009,5009,456,1,1,0,0,0
5019,5019,432,0,1,0,0,0
5023,5023,1329,1,0,0,1,1
5029,5029,761,1,0,0,0,2
2416,2416,518,0,2,0,0,0
2607,2607,325,0,0,0,0,1
2615,2615,4193,1,1,0,4,0
2645,2645,299,0,0,0,0,1
2818,2818,5143,1,0,0,2,0
3012,3012,192,1,0,1,0,0
3020,3020,365,2,1,0,0,1
3032,3032,473,3,0,0,1,0
3212,3212,660,1,1,1,0,0
3217,3217,505,1,0,1,0,1
3220,3220,791,3,0,0,1,1
3221,3221,632,1,0,1,0,1
11835,11835,1237,1,2,2,1,0
11837,11837,1939,3,0,0,1,1
12002,12002,1257,1,0,0,3,1
12006,12006,234,1,0,0,1,0
12214,12214,947,1,0,0,1,0
12216,12216,5013,1,0,0,1,2
12226,12226,2467,1,0,1,1,0
12239,12239,1782,2,0,0,3,1
12249,12249,777,2,1,0,5,1
22019,22019,6296,1,0,0,2,1
22022,22022,606,3,0,0,1,1
5033,5033,922,2,0,0,2,0
5034,5034,636,2,0,0,2,1
5050,5050,2315,0,1,0,0,0
5052,5052,382,0,0,0,0,1
5055,5055,1618,1,0,0,2,1
5057,5057,53,1,0,0,0,1
6010,6010,222,1,0,0,0,1
6210,6210,555,0,0,1,0,2
6221,6221,870,0,0,1,0,0
3415,3415,4507,1,2,0,3,1
3601,3601,1420,1,0,2,0,2
3602,3602,429,1,0,0,1,1
3626,3626,853,1,0,0,0,2
4001,4001,442,1,0,0,1,1
4012,4012,338,1,0,1,0,0
4019,4019,202,1,0,0,0,1
4021,4021,2633,2,0,0,0,1
4022,4022,327,1,0,0,1,2
4208,4208,434,1,0,0,1,0
12253,12253,435,1,0,0,0,1
12254,12254,657,2,0,2,1,0
12414,12414,892,1,0,0,1,2
12416,12416,257,1,0,0,1,0
12423,12423,241,1,0,0,1,1
14012,14012,497,1,0,0,1,3
14014,14014,781,1,0,1,0,0
14023,14023,1314,2,0,2,1,2
22024,22024,2500,0,0,0,1,0
22048,22048,2193,0,0,0,1,2
22059,22059,95,0,0,0,0,1
22060,22060,1661,1,0,0,0,2
22067,22067,4517,0,1,0,0,0
22207,22207,243,1,0,0,0,1
22226,22226,10077,2,0,0,0,1
22231,22231,5175,0,0,0,1,3
22238,22238,308,0,0,0,0,1
22244,22244,1955,3,0,0,0,2
22408,22408,699,2,0,0,0,1
22411,22411,761,2,1,1,0,1
6403,6403,249,1,0,0,0,5
4209,4209,156,1,0,0,0,1
4210,4210,386,1,0,0,0,1
4214,4214,641,0,0,0,0,2
4221,4221,607,0,0,0,0,1
4243,4243,1825,1,1,1,0,3
4250,4250,904,2,0,0,0,1
4257,4257,4123,1,0,0,0,2
4421,4421,538,1,0,0,0,2
4431,4431,372,1,0,0,0,1
4432,4432,320,1,0,0,0,1
4433,4433,859,1,0,1,0,0
4441,4441,2185,1,0,1,4,2
4449,4449,441,0,0,0,0,1
14202,14202,101,2,0,0,0,1
14406,14406,293,3,0,0,0,1
14412,14412,346,3,0,0,1,0
14425,14425,597,4,0,1,0,0
14613,14613,2346,2,0,0,0,1
14625,14625,1777,1,0,1,0,1
22441,22441,784,3,0,0,1,0
22614,22614,1332,0,0,0,2,1
22615,22615,2603,2,0,0,0,3
22639,22639,454,2,0,0,1,2
7005,7005,563,1,0,1,0,1
7027,7027,1557,0,0,0,0,3
7033,7033,1001,1,0,1,0,0
7039,7039,5473,0,1,0,0,2
7045,7045,4665,2,0,0,1,3
7059,7059,1862,1,0,1,0,1
4450,4450,836,1,0,1,0,1
4457,4457,822,2,1,1,1,1
4458,4458,467,2,0,0,0,1
4613,4613,392,3,0,0,0,1
4812,4812,1201,1,0,0,0,1
4818,4818,147,2,0,0,1,0
4826,4826,1675,3,0,1,2,0
5010,5010,798,2,0,1,0,2
14813,14813,1109,2,1,1,0,0
15216,15216,1179,1,0,0,1,1
15221,15221,388,3,0,0,1,0
15226,15226,979,2,0,0,1,1
15237,15237,3373,0,0,0,0,2
22804,22804,1597,2,0,0,0,2
22819,22819,337,1,0,0,1,1
22832,22832,368,0,0,0,1,1
22836,22836,775,1,0,0,0,2
7210,7210,1762,3,1,0,0,1
7219,7219,740,2,0,0,0,2
7229,7229,194,2,0,0,0,1
7237,7237,1370,3,0,0,0,7
7406,7406,1514,1,0,0,1,0
7407,7407,666,1,0,0,1,0
5031,5031,1839,1,0,0,0,2
5036,5036,2396,1,0,0,0,2
5054,5054,455,1,0,0,0,1
6003,6003,648,1,0,0,1,0
6011,6011,618,0,0,0,0,2
6207,6207,583,1,0,0,0,2
6404,6404,479,1,0,0,0,1
15406,15406,2477,2,0,1,0,4
15408,15408,247,2,0,0,1,0
15605,15605,2261,1,0,0,1,0
15807,15807,282,2,0,0,0,2
15811,15811,301,0,0,1,1,0
15820,15820,1246,1,0,0,1,3
15827,15827,869,2,0,0,0,1
16027,16027,649,1,0,0,1,3
24014,24014,287,1,1,0,1,0
24015,24015,170,1,1,0,0,0
24021,24021,450,1,0,0,0,2
24023,24023,540,1,0,0,0,1
7604,7604,650,0,0,0,0,1
7809,7809,2092,3,0,1,1,2
7826,7826,293,1,0,0,0,2
8021,8021,3367,2,0,1,0,0
6607,6607,1955,1,0,1,0,0
16208,16208,485,1,0,0,0,1
16211,16211,3069,1,0,0,2,0
16217,16217,593,1,0,0,0,2
18003,18003,613,1,0,0,0,2
18020,18020,1199,2,0,0,0,1
18021,18021,4288,1,0,0,1,1
18023,18023,2332,2,0,0,1,1
24038,24038,2595,1,0,0,1,2
24041,24041,1964,1,0,1,0,2
24404,24404,490,2,0,0,0,1
24409,24409,904,2,0,1,0,2
24416,24416,280,2,0,0,0,2
24609,24609,927,1,0,1,1,0
24812,24812,219,2,0,0,0,1
24815,24815,316,0,0,0,0,1
8208,8208,1455,2,0,0,0,2
8423,8423,532,1,0,0,0,2
8428,8428,1054,3,0,0,0,3
8438,8438,144,1,2,0,0,0
10014,10014,3370,0,0,0,3,0
10018,10018,790,1,0,0,0,2
6813,6813,88,1,0,0,0,1
7004,7004,465,1,0,0,0,1
7009,7009,1528,1,1,0,0,0
7013,7013,4730,1,0,0,0,1
7014,7014,558,1,0,0,1,2
7019,7019,275,1,0,0,1,0
7021,7021,3482,1,1,0,0,2
7035,7035,2520,1,0,0,2,1
18211,18211,429,1,0,1,0,2
18605,18605,1361,0,0,0,0,1
18614,18614,4040,1,0,0,0,1
18623,18623,578,2,0,0,0,2
18630,18630,167,4,0,0,0,1
18812,18812,386,0,0,0,0,2
24822,24822,1524,1,0,0,0,1
25015,25015,298,1,1,0,0,0
25027,25027,788,0,0,0,0,2
40,40,1317,0,0,0,1,0
41,41,3020,0,0,0,0,1
56,56,5742,0,0,0,1,1
80,80,6289,0,1,0,0,0
107,107,1028,1,0,0,1,1
114,114,2319,0,1,0,1,0
130,130,468,1,0,0,0,1
10020,10020,2239,1,0,0,3,0
10025,10025,322,1,0,0,0,1
10208,10208,1718,2,0,0,2,0
10218,10218,942,4,0,1,0,0
10222,10222,2152,3,1,0,0,1
10411,10411,700,1,1,0,1,2
10414,10414,753,1,0,0,0,2
10417,10417,2147,1,0,0,1,1
10428,10428,3127,0,0,0,3,0
7053,7053,1297,2,1,1,0,0
7205,7205,81,1,0,0,0,1
7217,7217,302,1,0,0,0,1
7227,7227,3536,1,0,0,1,2
7405,7405,1301,1,0,1,1,1
7422,7422,162,1,1,0,0,0
7425,7425,1053,1,0,0,0,1
7601,7601,633,3,0,0,0,1
7603,7603,518,2,0,0,1,1
7801,7801,1520,2,0,0,0,1
18822,18822,2418,10,0,0,0,5
18827,18827,1367,2,0,0,1,1
18832,18832,347,3,0,0,0,2
19001,19001,328,1,0,0,0,1
19005,19005,715,1,0,1,0,2
20007,20007,358,2,0,0,0,3
20025,20025,1021,2,0,0,0,2
131,131,2869,1,0,0,3,4
136,136,2303,4,0,1,0,0
140,140,652,1,0,0,0,1
422,422,300,1,0,0,0,2
435,435,351,0,0,0,0,1
610,610,358,1,0,0,0,3
621,621,2963,1,0,1,2,1
622,622,824,0,1,0,1,2
820,820,358,1,0,0,0,1
825,825,568,1,0,0,1,2
830,830,161,0,0,0,0,1
833,833,142,0,0,0,1,0
835,835,294,1,0,0,0,1
846,846,1667,1,0,1,3,3
1008,1008,366,0,0,0,0,1
1009,1009,188,2,0,0,0,1
1018,1018,7750,0,0,0,3,0
1035,1035,1332,0,0,0,0,3
1225,1225,393,0,0,0,0,2
1423,1423,452,1,0,0,0,1
1424,1424,2152,0,0,1,0,0
1428,1428,557,0,0,0,0,1
10629,10629,501,1,0,1,0,0
11001,11001,626,0,0,0,0,1
11007,11007,1146,2,1,0,1,1
11018,11018,135,1,0,0,0,1
11423,11423,970,4,0,0,1,1
11427,11427,247,2,0,0,1,0
11602,11602,1410,2,0,0,0,1
7814,7814,1110,1,0,0,0,2
7825,7825,974,1,0,0,2,2
7827,7827,231,1,0,0,0,1
8009,8009,2822,1,0,1,0,2
8202,8202,974,2,0,0,0,1
20072,20072,180,1,0,0,0,3
20089,20089,396,0,0,0,1,1
20210,20210,2008,1,0,0,3,2
20217,20217,417,1,0,0,0,3
20218,20218,658,0,0,0,1,0
1434,1434,598,1,0,0,1,1
1602,1602,604,1,0,0,0,1
1604,1604,345,0,0,0,1,1
1617,1617,83,0,0,0,1,0
2011,2011,798,1,0,0,2,0
2014,2014,331,1,0,0,0,1
2016,2016,1775,1,1,0,0,2
2022,2022,185,0,0,0,1,0
2401,2401,448,1,0,0,0,1
2403,2403,233,1,0,0,0,2
2436,2436,1490,1,1,1,1,0
2438,2438,455,1,1,0,0,1
2442,2442,287,1,0,0,0,1
2601,2601,345,0,0,0,1,2
2602,2602,324,1,0,0,0,1
11618,11618,504,2,1,0,0,0
11628,11628,1287,1,0,1,0,0
11643,11643,2156,3,0,0,0,2
11803,11803,536,1,0,0,0,1
11821,11821,1435,3,0,1,2,0
11832,11832,191,1,0,0,1,0
11838,11838,1840,1,0,0,2,4
11840,11840,1780,1,0,0,1,0
12008,12008,2123,1,0,0,0,1
12010,12010,1365,1,0,1,1,1
12221,12221,312,1,1,0,1,0
12225,12225,316,1,0,0,0,2
12229,12229,901,1,0,0,0,3
12241,12241,616,2,0,1,1,0
22218,22218,2981,1,0,1,2,1
22249,22249,827,2,0,0,2,1
22251,22251,2743,1,0,0,1,3
22255,22255,2120,1,0,0,3,2
22257,22257,2343,2,0,0,3,4
22407,22407,1545,2,0,0,0,2
22413,22413,1965,1,0,0,0,1
22415,22415,401,2,1,0,0,0
22440,22440,243,3,0,0,0,2
7415,7415,151,1,1,0,0,1
7419,7419,114,1,0,0,1,0
7431,7431,849,1,0,0,2,3
7808,7808,1884,0,0,0,1,0
8006,8006,555,0,0,0,1,0
8017,8017,773,1,0,0,0,2
20004,20004,574,1,0,0,2,0
20006,20006,1001,1,0,0,0,1
20018,20018,1149,0,0,2,2,3
20026,20026,844,2,0,0,0,2
20034,20034,229,1,0,0,0,1
20041,20041,266,1,0,0,0,2
20047,20047,945,1,0,1,1,1
20064,20064,359,2,0,0,0,1
20070,20070,524,0,0,0,0,2
20214,20214,600,2,1,0,0,0
20216,20216,846,2,1,1,0,0
20222,20222,2594,1,0,1,1,1
20242,20242,816,2,0,0,1,0
20279,20279,4011,1,1,1,1,1
20281,20281,985,0,0,2,0,0
20404,20404,283,1,0,0,0,1
20414,20414,1297,2,0,0,1,2
20442,20442,2138,1,0,0,0,4
20606,20606,378,2,0,0,0,1
20615,20615,3,0,0,0,0,1
20635,20635,353,1,1,0,0,2
20644,20644,1026,2,0,0,1,4
20647,20647,67,2,2,0,0,0
20657,20657,405,2,0,0,0,1
20833,20833,76,2,0,0,0,1
20839,20839,1703,1,0,0,1,3
22002,22002,521,1,0,2,0,0
22005,22005,402,1,0,0,3,1
22011,22011,539,0,0,0,1,0
22037,22037,450,2,0,0,0,1
20246,20246,315,1,0,0,0,1
20247,20247,2760,1,0,0,1,0
20262,20262,2766,1,0,0,1,0
20263,20263,371,1,0,0,0,1
20603,20603,177,2,0,0,0,1
22042,22042,493,1,0,0,0,1
22050,22050,1862,0,2,0,1,0
22058,22058,603,0,0,1,0,0
22068,22068,1855,1,0,0,0,1
22208,22208,278,2,1,0,0,0
22210,22210,266,2,0,0,0,2
22245,22245,855,1,0,0,1,1
22412,22412,499,2,0,0,0,2
22424,22424,693,2,0,0,0,2
22430,22430,625,0,0,1,0,1
22439,22439,669,2,0,0,0,1
22603,22603,1093,2,1,0,0,1
22627,22627,129,1,0,0,0,1
24011,24011,791,1,1,0,0,0
24018,24018,442,1,0,0,0,1
24022,24022,451,1,0,0,0,1
24042,24042,1409,1,0,0,0,3
24231,24231,329,1,0,0,0,1
24407,24407,427,0,1,0,0,1
24412,24412,938,2,0,1,0,2
24417,24417,437,2,0,0,0,1
24422,24422,626,2,0,0,0,2
24606,24606,247,2,0,0,0,2
24804,24804,292,2,0,0,0,1
24830,24830,185,1,0,0,0,1
25020,25020,360,1,0,0,0,1
2202,2202,758,1,1,0,0,0
2208,2208,318,0,0,0,0,3
2406,2406,572,1,0,0,0,1
2420,2420,489,1,0,0,1,1
2433,2433,40,2,0,0,0,1
2441,2441,2118,1,0,0,2,1
2605,2605,407,0,0,0,0,2
2608,2608,549,0,0,0,0,3
2634,2634,518,0,0,0,0,3
2635,2635,342,1,0,0,0,2
2811,2811,905,0,0,0,1,2
2821,2821,377,1,0,0,1,0
14211,14211,473,2,0,0,1,0
14220,14220,159,2,0,0,0,1
14429,14429,584,2,0,0,1,3
14430,14430,294,1,0,0,0,1
14602,14602,748,3,0,0,0,1
14618,14618,2451,1,0,1,1,0
14633,14633,750,2,1,0,0,2
14635,14635,456,1,0,0,0,1
22606,22606,767,2,0,0,0,1
22641,22641,2337,2,0,0,2,2
22835,22835,669,1,0,0,0,2
24003,24003,2348,1,0,0,0,2
24007,24007,716,1,0,0,1,1
8408,8408,140,1,1,0,0,1
8419,8419,355,1,0,1,0,0
8430,8430,887,2,1,0,0,0
8436,8436,353,2,0,0,0,1
10021,10021,1905,1,1,0,0,0
10022,10022,1620,1,0,0,0,1
10023,10023,1418,0,1,0,0,2
10030,10030,752,1,0,1,0,2
3029,3029,693,2,0,1,1,0
3402,3402,983,0,1,0,2,0
3618,3618,1610,0,1,0,0,0
4026,4026,389,0,2,0,0,2
4034,4034,556,1,0,0,1,2
4047,4047,382,1,1,0,0,0
4051,4051,1041,3,0,0,1,1
4206,4206,754,2,0,0,0,1
4220,4220,464,2,0,0,0,1
4230,4230,198,2,0,0,0,1
4405,4405,745,1,0,1,0,0
4409,4409,1057,1,1,0,0,1
14810,14810,984,1,0,0,0,3
15001,15001,2418,2,0,1,0,3
15242,15242,1029,1,0,0,1,2
15246,15246,261,1,0,0,0,1
15403,15403,3005,0,0,0,1,1
24211,24211,563,1,0,0,0,1
24419,24419,309,2,0,0,0,1
24611,24611,179,1,0,0,0,3
24616,24616,632,1,0,0,1,1
24820,24820,237,1,0,0,0,1
24821,24821,187,1,0,0,0,1
10201,10201,619,2,0,0,0,1
10205,10205,209,1,0,0,0,1
10426,10426,481,2,1,0,0,0
10440,10440,722,1,0,0,0,2
10602,10602,989,1,1,1,0,2
10605,10605,1253,1,0,0,1,0
10607,10607,607,1,0,0,0,2
10616,10616,1965,3,0,0,0,1
4423,4423,786,1,0,0,1,1
4436,4436,528,1,0,0,0,1
4440,4440,1036,1,1,0,1,0
4464,4464,254,1,0,0,2,0
4616,4616,1863,3,0,1,2,4
15603,15603,1429,1,0,1,1,1
15609,15609,1088,0,0,0,1,3
15611,15611,117,1,0,1,0,0
15620,15620,2770,1,0,0,1,1
15629,15629,594,2,1,0,1,1
15818,15818,786,1,0,0,0,1
15823,15823,71,3,0,0,0,2
15828,15828,1438,1,0,0,0,1
16010,16010,320,1,0,0,0,1
16011,16011,583,1,0,1,0,1
16016,16016,1073,1,3,0,1,3
25036,25036,426,2,1,0,0,1
12,12,340,2,0,1,0,0
15,15,307,1,0,1,0,0
16,16,318,0,1,0,0,1
60,60,2653,0,0,0,0,2
65,65,1023,0,0,0,0,1
67,67,3627,1,0,0,0,1
103,103,663,2,0,0,0,1
106,106,1428,1,0,0,1,1
118,118,769,0,0,0,0,2
122,122,382,2,1,0,0,0
126,126,4333,2,0,0,3,0
127,127,735,1,0,0,1,1
139,139,748,1,0,0,0,1
407,407,2145,1,0,0,0,2
416,416,552,1,0,0,1,1
417,417,544,1,0,0,0,4
423,423,169,0,0,0,0,1
10620,10620,306,3,0,0,0,1
10812,10812,237,3,0,0,0,1
10817,10817,2045,3,0,0,0,1
11032,11032,1324,1,0,0,1,0
11034,11034,610,1,1,0,1,1
11201,11201,623,1,2,0,0,1
4618,4618,3371,1,0,1,1,0
4624,4624,297,1,0,0,0,1
4817,4817,4630,1,0,1,0,2
4821,4821,745,2,0,0,1,1
5004,5004,1252,1,0,0,1,1
5005,5005,691,0,0,0,0,1
16024,16024,639,1,0,1,0,0
16032,16032,245,0,0,0,1,1
16040,16040,338,1,1,0,0,0
16213,16213,2663,1,1,0,2,1
18007,18007,395,0,0,0,0,1
18033,18033,452,2,0,0,0,1
18220,18220,453,0,0,0,1,1
18229,18229,2147,2,0,2,1,3
18231,18231,292,0,0,0,0,1
18239,18239,1284,2,0,0,0,2
626,626,816,2,0,0,0,1
811,811,1052,0,0,0,0,2
829,829,640,1,0,0,0,3
848,848,514,0,0,0,0,1
1015,1015,3055,1,1,0,1,4
1024,1024,203,0,0,0,0,2
1025,1025,2945,0,0,0,1,1
1038,1038,682,1,0,1,1,1
1208,1208,4311,0,0,0,0,1
1215,1215,212,1,0,0,0,1
1216,1216,707,0,0,0,0,1
1227,1227,478,2,0,1,0,5
1404,1404,504,1,0,0,0,1
1409,1409,246,0,0,0,1,0
1411,1411,264,1,1,0,0,1
1412,1412,588,1,0,0,2,2
1414,1414,597,1,0,0,0,1
1417,1417,412,0,0,0,0,1
11406,11406,198,1,0,0,0,1
11608,11608,2299,1,0,0,0,4
11622,11622,1932,2,0,1,0,0
11629,11629,505,2,0,0,0,1
11639,11639,573,1,0,0,0,3
11805,11805,6695,0,1,1,1,0
11828,11828,1942,1,0,0,1,1
11834,11834,2022,1,0,0,1,2
12015,12015,2539,2,1,0,1,0
12016,12016,1626,1,0,0,0,1
5028,5028,1714,1,0,0,0,1
5032,5032,1060,1,0,1,0,2
5046,5046,946,1,1,0,2,2
5048,5048,781,2,0,0,0,1
5061,5061,3367,1,0,0,0,6
18406,18406,551,1,0,0,0,2
18411,18411,182,0,1,0,0,1
18415,18415,6610,1,0,0,1,1
18425,18425,988,1,1,0,0,0
18429,18429,255,2,0,0,0,2
18616,18616,280,2,0,0,0,1
18626,18626,626,1,0,1,0,0
18627,18627,1502,1,0,0,0,1
1427,1427,327,0,0,1,3,1
1439,1439,601,0,0,0,0,1
1609,1609,1490,1,0,0,2,0
1612,1612,280,1,0,0,0,2
1627,1627,838,0,0,1,2,2
1804,1804,2915,0,0,0,2,0
2019,2019,351,1,0,0,0,1
2410,2410,1320,1,0,0,1,4
2417,2417,386,0,0,0,0,1
2418,2418,184,1,0,0,0,1
2431,2431,500,0,1,0,0,1
2603,2603,445,1,0,0,0,1
2612,2612,386,1,0,0,0,1
2619,2619,191,2,0,0,0,1
2636,2636,239,0,0,0,0,1
12018,12018,1595,2,0,0,1,0
12021,12021,2713,2,0,1,1,2
12027,12027,4689,1,1,0,1,0
12033,12033,274,2,0,0,0,2
12228,12228,982,2,1,0,0,1
12231,12231,798,1,0,1,0,2
12248,12248,3216,2,0,0,1,2
12256,12256,246,1,0,0,0,1
6622,6622,858,6,0,0,1,1
6812,6812,401,0,0,0,0,2
7022,7022,484,1,1,0,0,0
7030,7030,2862,0,0,0,1,0
7044,7044,777,2,0,0,1,1
7055,7055,742,1,0,0,0,2
7057,7057,327,1,0,0,0,1
18631,18631,15712,1,1,0,0,1
18821,18821,1587,4,1,1,1,1
19012,19012,408,3,0,0,0,1
19019,19019,75,1,0,0,0,1
20011,20011,964,2,0,1,0,2
2806,2806,1901,1,1,0,2,1
2819,2819,170,2,0,0,2,0
3014,3014,572,0,0,0,0,1
3019,3019,368,0,0,1,0,0
3034,3034,700,3,0,0,0,5
3201,3201,800,3,0,0,3,3
3207,3207,315,1,0,0,0,2
3213,3213,447,1,1,0,0,1
3405,3405,686,1,1,0,1,2
3407,3407,528,0,0,0,2,0
3414,3414,1337,0,0,0,0,1
3417,3417,1192,1,0,0,0,1
3421,3421,488,0,1,0,0,0
3604,3604,540,2,0,0,0,1
3614,3614,136,1,0,0,0,1
4002,4002,545,2,0,0,0,1
14016,14016,1689,1,2,0,0,4
14031,14031,271,1,0,0,1,0
14032,14032,435,1,0,0,0,1
14205,14205,357,2,1,0,0,1
14606,14606,164,4,0,0,1,0
14614,14614,736,1,0,0,0,3
14629,14629,1811,1,0,2,0,2
7201,7201,3355,2,0,0,1,4
7222,7222,640,1,0,0,0,1
7433,7433,257,2,0,0,0,1
7803,7803,290,2,0,0,0,1
7816,7816,3154,0,1,0,0,2
7819,7819,1703,1,0,0,1,2
7828,7828,1393,1,1,0,0,3
8004,8004,923,1,0,0,0,2
20036,20036,984,1,0,0,1,2
20045,20045,708,1,0,0,0,3
20048,20048,1964,1,1,0,0,2
4023,4023,2299,2,0,0,0,2
4038,4038,639,1,0,0,0,3
4225,4225,213,1,0,0,0,1
4228,4228,98,1,0,0,0,1
4240,4240,1093,1,0,0,1,1
4254,4254,1515,3,0,0,0,1
4401,4401,512,1,0,1,0,0
4404,4404,1265,1,1,0,0,1
4413,4413,781,1,0,0,1,2
4417,4417,467,0,0,1,0,0
14801,14801,800,2,0,0,0,1
15004,15004,958,1,0,1,0,0
15217,15217,1242,1,0,0,1,1
15218,15218,354,1,0,0,0,1
15228,15228,262,0,0,0,0,1
15234,15234,1923,1,0,0,1,1
15238,15238,407,1,2,0,1,0
15411,15411,721,1,0,0,0,3
15414,15414,510,2,0,0,0,1
15618,15618,3631,1,0,0,2,3
8024,8024,1825,1,0,0,0,1
8026,8026,6113,2,0,1,0,2
8201,8201,436,1,0,0,1,0
10001,10001,3716,1,0,0,3,4
10006,10006,714,0,1,0,0,1
10010,10010,7499,0,0,0,6,0
20082,20082,1670,2,1,0,0,0
20204,20204,300,1,0,0,0,2
20215,20215,3716,1,0,2,0,1
20225,20225,563,1,0,1,0,1
20243,20243,469,1,0,0,0,1
4419,4419,206,1,0,0,1,0
4424,4424,372,1,0,0,1,0
4444,4444,310,0,0,0,1,2
4456,4456,365,0,1,0,1,0
4461,4461,501,1,0,0,0,2
4619,4619,418,2,1,0,0,0
4816,4816,2389,1,1,0,3,1
4822,4822,367,2,0,0,1,2
5002,5002,320,0,0,0,1,0
5007,5007,671,2,0,0,0,1
5017,5017,361,0,0,0,0,1
15628,15628,352,1,0,0,0,1
15635,15635,2109,1,0,0,1,2
15816,15816,1704,1,0,2,0,3
15821,15821,5017,0,1,0,5,1
15825,15825,736,4,0,0,1,2
16019,16019,535,1,0,0,0,1
10027,10027,575,1,1,0,0,2
10034,10034,574,1,0,0,1,1
10225,10225,575,1,1,0,0,0
10401,10401,2406,3,0,0,2,1
10407,10407,94,3,1,0,0,1
10409,10409,679,2,0,0,1,0
10410,10410,3110,0,0,1,0,1
10422,10422,3411,4,0,0,0,1
20258,20258,191,2,0,0,1,2
20269,20269,211,1,0,1,0,0
20277,20277,940,1,1,0,0,2
20280,20280,1407,0,0,0,1,4
20408,20408,1669,1,0,0,0,3
5027,5027,2679,1,0,0,2,1
5035,5035,1433,0,0,0,0,1
5037,5037,1503,0,1,0,1,1
6218,6218,298,1,0,0,0,1
16030,16030,369,2,0,0,1,0
16031,16031,1173,2,0,1,0,2
16201,16201,1446,2,0,0,0,1
16203,16203,1002,2,0,0,0,1
18001,18001,2014,2,1,0,0,1
18015,18015,1315,2,1,0,0,0
18029,18029,645,4,1,0,1,1
18219,18219,601,1,0,0,0,2
18234,18234,1953,2,0,0,2,0
10436,10436,564,1,0,0,0,1
10439,10439,266,2,0,0,1,0
10623,10623,918,2,0,0,1,0
10809,10809,343,4,0,0,0,1
10815,10815,370,3,0,0,0,2
11015,11015,121,1,0,0,0,1
11037,11037,1061,1,1,0,0,2
11414,11414,207,4,0,0,0,1
11425,11425,961,2,2,0,0,1
11613,11613,383,2,0,0,0,1
20411,20411,738,1,0,0,0,1
20416,20416,2654,2,1,1,2,4
20422,20422,828,1,0,1,0,1
20609,20609,263,1,0,0,0,1
20611,20611,763,1,0,0,0,5
20634,20634,506,2,1,0,1,1
20637,20637,560,2,0,0,0,2
6220,6220,1418,1,0,0,3,2
6402,6402,516,1,0,1,0,0
6608,6608,406,0,0,0,0,2
6807,6807,132,1,0,0,0,1
6808,6808,550,1,0,0,0,1
6814,6814,655,1,1,0,0,0
18235,18235,888,2,0,0,0,2
18404,18404,2003,1,0,0,1,0
18416,18416,1199,2,0,0,0,2
18421,18421,129,1,0,0,0,1
18602,18602,354,4,0,0,0,1
18603,18603,404,2,0,0,0,2
18610,18610,333,2,0,0,0,1
18629,18629,2880,2,0,2,0,0
18636,18636,5078,2,0,0,2,0
11619,11619,1275,1,1,0,2,2
11636,11636,397,1,0,0,0,3
11809,11809,4072,1,0,0,0,1
11831,11831,994,3,0,0,1,0
11842,11842,2929,3,1,1,0,0
12003,12003,696,1,0,0,0,3
12022,12022,960,1,0,0,1,2
12025,12025,859,1,0,1,0,3
12031,12031,1143,1,0,0,0,1
12205,12205,1365,1,0,0,0,2
12218,12218,365,1,0,1,0,0
20649,20649,150,2,1,0,0,0
20802,20802,272,1,0,0,0,1
22006,22006,245,1,1,0,0,0
22023,22023,194,1,0,0,0,1
22029,22029,730,0,0,0,0,3
22036,22036,269,2,0,0,0,1
22054,22054,525,1,0,1,0,2
22056,22056,1386,1,0,0,0,1
22213,22213,356,2,0,0,0,1
7034,7034,1349,1,0,1,0,3
7040,7040,257,1,0,0,0,1
7051,7051,4288,3,1,0,1,5
7052,7052,2245,1,0,0,2,0
7056,7056,235,1,0,0,0,2
7215,7215,977,1,0,1,0,0
7221,7221,701,1,2,1,0,0
7225,7225,2665,2,0,0,0,1
7241,7241,195,2,0,0,0,2
18806,18806,1564,1,2,2,0,1
18808,18808,598,0,2,0,1,2
18819,18819,1597,5,1,0,0,0
18823,18823,4565,4,0,0,1,0
18829,18829,3418,2,0,1,0,0
18834,18834,2706,7,0,0,0,1
19011,19011,517,0,0,0,0,2
19014,19014,358,2,1,0,0,0
19021,19021,944,2,0,0,0,1
1214,1214,266,0,0,0,0,0
1228,1228,98,1,0,0,0,0
1614,1614,2901,0,0,0,0,0
1621,1621,7209,0,0,0,0,0
1801,1801,1335,0,0,0,0,0
2404,2404,1367,1,0,0,0,0
2625,2625,479,3,0,0,0,0
3021,3021,345,0,0,0,0,0
3023,3023,248,0,0,0,0,0
3202,3202,172,2,0,0,0,0
4802,4802,0,2,0,0,0,0
4031,4031,53,0,0,0,0,0
4036,4036,172,2,0,0,0,0
4042,4042,375,1,0,0,0,0
4246,4246,525,1,0,0,0,0
1,1,407,1,0,0,0,0
22,22,282,1,0,0,0,0
30,30,303,2,0,0,0,0
34,34,200,0,0,0,0,0
42,42,2849,0,0,0,0,0
43,43,2325,0,0,0,0,0
51,51,1161,1,0,0,0,0
57,57,1048,0,0,0,0,0
78,78,206,0,0,0,0,0
83,83,1734,0,0,0,0,0
87,87,3046,1,0,0,0,0
91,91,3895,0,0,0,0,0
100,100,451,0,0,0,0,0
123,123,1383,3,0,0,0,0
424,424,136,0,0,0,0,0
425,425,172,3,0,0,0,0
601,601,1206,2,0,0,0,0
602,602,254,1,0,0,0,0
836,836,397,0,0,0,0,0
837,837,127,1,0,0,0,0
1023,1023,359,0,0,0,0,0
6209,6209,288,1,0,0,0,0
6213,6213,108,0,0,0,0,0
6417,6417,30,1,0,0,0,0
7011,7011,346,1,0,0,0,0
7420,7420,119,1,0,0,0,0
7421,7421,1239,1,0,0,0,0
8218,8218,234,1,0,0,0,0
8426,8426,264,1,0,0,0,0
8435,8435,298,2,0,0,0,0
10032,10032,329,1,0,0,0,0
10203,10203,1058,1,0,0,0,0
10210,10210,2063,1,0,0,0,0
7432,7432,119,2,0,0,0,0
7434,7434,583,1,0,0,0,0
7802,7802,280,2,0,0,0,0
7815,7815,3264,1,0,0,0,0
8016,8016,4450,2,0,0,0,0
8018,8018,2246,1,0,0,0,0
8205,8205,101,2,0,0,0,0
6004,6004,710,1,0,0,0,0
6203,6203,114,1,0,0,0,0
11019,11019,280,1,0,0,0,0
11408,11408,235,1,0,0,0,0
11417,11417,546,4,0,0,0,0
11620,11620,1421,1,0,0,0,0
12235,12235,501,1,0,0,0,0
12401,12401,6020,3,0,0,0,0
12405,12405,724,3,0,0,0,0
14010,14010,758,1,0,0,0,0
12009,12009,340,1,0,0,0,0
12234,12234,378,2,0,0,0,0
10412,10412,376,1,0,0,0,0
10438,10438,1089,1,0,0,0,0
10622,10622,7157,3,0,0,0,0
10625,10625,151,1,0,0,0,0
15416,15416,322,3,0,0,0,0
16005,16005,362,2,0,0,0,0
16035,16035,2565,2,0,0,0,0
16045,16045,664,2,0,0,0,0
16219,16219,308,2,0,0,0,0
14203,14203,157,3,0,0,0,0
14215,14215,96,2,0,0,0,0
14217,14217,387,4,0,0,0,0
14403,14403,403,2,0,0,0,0
14420,14420,660,1,0,0,0,0
14610,14610,345,1,0,0,0,0
14632,14632,353,1,0,0,0,0
14805,14805,340,1,0,0,0,0
18426,18426,65,2,0,0,0,0
18601,18601,168,2,0,0,0,0
19017,19017,77,2,0,0,0,0
20044,20044,479,1,0,0,0,0
20059,20059,107,0,0,0,0,0
20060,20060,1058,0,0,0,0,0
20067,20067,199,2,0,0,0,0
20075,20075,105,1,0,0,0,0
20224,20224,879,1,0,0,0,0
19022,19022,64,2,0,0,0,0
19023,19023,92,1,0,0,0,0
20008,20008,513,2,0,0,0,0
20038,20038,283,1,0,0,0,0
20040,20040,677,3,0,0,0,0
20042,20042,65,2,0,0,0,0
18011,18011,304,1,0,0,0,0
18017,18017,728,3,0,0,0,0
18036,18036,274,1,0,0,0,0
18202,18202,55,2,0,0,0,0
18205,18205,86,1,0,0,0,0
18206,18206,69,2,0,0,0,0
18218,18218,918,0,0,0,0,0
18405,18405,296,1,0,0,0,0
20612,20612,426,0,0,0,0,0
20614,20614,129,3,0,0,0,0
20618,20618,338,0,0,0,0,0
20621,20621,55,0,0,0,0,0
20633,20633,40,2,0,0,0,0
22044,22044,400,2,0,0,0,0
22045,22045,336,1,0,0,0,0
22227,22227,1156,1,0,0,0,0
22236,22236,70,1,0,0,0,0
22248,22248,1188,1,0,0,0,0
20818,20818,334,1,0,0,0,0
20823,20823,50,1,0,0,0,0
20825,20825,0,1,0,0,0,0
20840,20840,0,2,0,0,0,0
20842,20842,0,3,0,0,0,0
22017,22017,2096,3,0,0,0,0
20271,20271,710,1,0,0,0,0
20410,20410,11,1,0,0,0,0
20426,20426,51,1,0,0,0,0
20607,20607,427,0,0,0,0,0
22621,22621,949,1,0,0,0,0
22808,22808,260,1,0,0,0,0
24809,24809,47,1,0,0,0,0
25007,25007,635,1,0,0,0,0
13,13,425,2,0,0,0,0
47,47,1550,1,0,0,0,0
76,76,7986,0,0,0,0,0
77,77,6402,0,0,0,0,0
120,120,11,1,0,0,0,0
22840,22840,950,1,0,0,0,0
24001,24001,345,2,0,0,0,0
24201,24201,15,1,0,0,0,0
24613,24613,66,1,0,0,0,0
24801,24801,200,2,0,0,0,0
24807,24807,121,1,0,0,0,0
22406,22406,507,1,0,0,0,0
22419,22419,732,1,0,0,0,0
22427,22427,207,2,0,0,0,0
22433,22433,132,1,0,0,0,0
22607,22607,397,2,0,0,0,0
2629,2629,258,0,0,0,0,0
2815,2815,232,0,0,0,0,0
2822,2822,318,1,0,0,0,0
3005,3005,225,1,0,0,0,0
3024,3024,650,2,0,0,0,0
3025,3025,248,0,0,0,0,0
3219,3219,346,1,0,0,0,0
3609,3609,292,0,0,0,0,0
3617,3617,284,1,0,0,0,0
3619,3619,248,1,0,0,0,0
412,412,710,1,0,0,0,0
414,414,3248,0,0,0,0,0
611,611,102,3,0,0,0,0
801,801,47,0,0,0,0,0
809,809,1282,0,0,0,0,0
827,827,136,0,0,0,0,0
844,844,416,1,0,0,0,0
1014,1014,305,1,0,0,0,0
1040,1040,2177,1,0,0,0,0
1422,1422,166,1,0,0,0,0
1445,1445,169,2,0,0,0,0
1615,1615,342,0,0,0,0,0
1817,1817,362,1,0,0,0,0
2217,2217,2291,1,0,0,0,0
2218,2218,236,2,0,0,0,0
4239,4239,999,1,0,0,0,0
4422,4422,204,1,0,0,0,0
4428,4428,258,1,0,0,0,0
4455,4455,338,1,0,0,0,0
4617,4617,782,2,0,0,0,0
6224,6224,575,1,0,0,0,0
6406,6406,66,1,0,0,0,0
6418,6418,42,1,0,0,0,0
6601,6601,208,1,0,0,0,0
6602,6602,908,1,0,0,0,0
6620,6620,288,1,0,0,0,0
6802,6802,77,1,0,0,0,0
7008,7008,50,1,0,0,0,0
7010,7010,143,1,0,0,0,0
4830,4830,1719,1,0,0,0,0
5043,5043,296,2,0,0,0,0
5051,5051,1416,2,0,0,0,0
6001,6001,930,1,0,0,0,0
4015,4015,92,1,0,0,0,0
4020,4020,192,1,0,0,0,0
4037,4037,674,1,0,0,0,0
4217,4217,231,1,0,0,0,0
7239,7239,282,2,0,0,0,0
7410,7410,600,1,0,0,0,0
7611,7611,83,3,0,0,0,0
7821,7821,52,1,0,0,0,0
8003,8003,180,1,0,0,0,0
8012,8012,10164,2,0,0,0,0
8027,8027,128,2,0,0,0,0
8214,8214,268,1,0,0,0,0
8417,8417,33,1,0,0,0,0
8418,8418,125,0,0,0,0,0
8427,8427,960,1,0,0,0,0
8439,8439,148,3,0,0,0,0
10017,10017,143,1,0,0,0,0
10204,10204,488,1,0,0,0,0
10207,10207,298,0,0,0,0,0
10215,10215,962,0,0,0,0,0
10403,10403,23,2,0,0,0,0
10406,10406,352,1,0,0,0,0
7012,7012,279,1,0,0,0,0
7020,7020,1208,0,0,0,0,0
7046,7046,2851,2,0,0,0,0
7203,7203,216,1,0,0,0,0
11021,11021,1544,2,0,0,0,0
11027,11027,217,2,0,0,0,0
11041,11041,259,1,0,0,0,0
11211,11211,290,2,0,0,0,0
11212,11212,2098,2,0,0,0,0
11823,11823,160,0,0,0,0,0
12012,12012,203,0,0,0,0,0
12208,12208,469,1,0,0,0,0
11610,11610,1743,1,0,0,0,0
11631,11631,139,1,0,0,0,0
10419,10419,212,1,0,0,0,0
10425,10425,870,2,0,0,0,0
10445,10445,183,2,0,0,0,0
10447,10447,184,1,0,0,0,0
10603,10603,965,1,0,0,0,0
10621,10621,378,5,0,0,0,0
15002,15002,187,3,0,0,0,0
15209,15209,217,1,0,0,0,0
15219,15219,58,3,0,0,0,0
15232,15232,548,1,0,0,0,0
15240,15240,498,0,0,0,0,0
15243,15243,284,2,0,0,0,0
12407,12407,1025,1,0,0,0,0
14002,14002,168,1,0,0,0,0
14222,14222,114,2,0,0,0,0
14435,14435,99,1,0,0,0,0
14436,14436,156,2,0,0,0,0
14609,14609,3,2,0,0,0,0
14619,14619,16,1,0,0,0,0
14627,14627,373,5,0,0,0,0
14637,14637,177,2,0,0,0,0
16042,16042,1207,2,0,0,0,0
18204,18204,491,2,0,0,0,0
18209,18209,129,1,0,0,0,0
18216,18216,274,2,0,0,0,0
18221,18221,456,1,0,0,0,0
18818,18818,1612,1,0,0,0,0
18824,18824,1217,3,0,0,0,0
19013,19013,81,1,0,0,0,0
18401,18401,59,1,0,0,0,0
18410,18410,429,1,0,0,0,0
18422,18422,386,2,0,0,0,0
18424,18424,59,2,0,0,0,0
18428,18428,88,1,0,0,0,0
18816,18816,678,0,0,0,0,0
15410,15410,500,1,0,0,0,0
15819,15819,750,0,0,0,0,0
16001,16001,108,1,0,0,0,0
16013,16013,975,0,0,0,0,0
16017,16017,1273,2,0,0,0,0
20069,20069,339,2,0,0,0,0
20073,20073,557,2,0,0,0,0
20074,20074,343,1,0,0,0,0
20223,20223,1055,1,0,0,0,0
20231,20231,581,1,0,0,0,0
20238,20238,763,2,0,0,0,0
20256,20256,5386,1,0,0,0,0
20406,20406,213,0,0,0,0,0
20425,20425,142,1,0,0,0,0
20435,20435,246,2,0,0,0,0
20613,20613,60,1,0,0,0,0
20009,20009,326,2,0,0,0,0
20050,20050,331,2,0,0,0,0
20058,20058,56,0,0,0,0,0
22241,22241,210,0,0,0,0,0
22803,22803,606,1,0,0,0,0
22805,22805,480,2,0,0,0,0
22827,22827,118,1,0,0,0,0
22833,22833,198,2,0,0,0,0
22839,22839,142,1,0,0,0,0
24209,24209,860,0,0,0,0,0
22416,22416,109,2,0,0,0,0
22638,22638,125,0,0,0,0,0
20646,20646,130,1,0,0,0,0
20810,20810,46,1,0,0,0,0
20838,20838,8,1,0,0,0,0
22046,22046,928,1,0,0,0,0
7804,7804,31,2,0,0,0,0
7823,7823,438,1,0,0,0,0
8002,8002,260,1,0,0,0,0
8407,8407,12,1,0,0,0,0
20253,20253,1045,0,0,0,0,0
4829,4829,227,1,0,0,0,0
6405,6405,354,0,0,0,0,0
6411,6411,101,1,0,0,0,0
6414,6414,481,0,0,0,0,0
12425,12425,246,4,0,0,0,0
14007,14007,237,1,0,0,0,0
14028,14028,246,1,0,0,0,0
14212,14212,258,1,0,0,0,0
14404,14404,433,3,0,0,0,0
14407,14407,81,1,0,0,0,0
8415,8415,321,0,0,0,0,0
14415,14415,303,2,0,0,0,0
14417,14417,840,0,0,0,0,0
14422,14422,626,3,0,0,0,0
14423,14423,333,2,0,0,0,0
14426,14426,380,3,0,0,0,0
14623,14623,91,2,0,0,0,0
14630,14630,1658,1,0,0,0,0
14804,14804,120,1,0,0,0,0
15007,15007,295,2,0,0,0,0
15201,15201,1445,1,0,0,0,0
15204,15204,269,3,0,0,0,0
15233,15233,397,0,0,0,0,0
15607,15607,4267,5,0,0,0,0
15623,15623,282,2,0,0,0,0
15626,15626,326,1,0,0,0,0
16002,16002,191,0,0,0,0,0
16015,16015,2207,0,0,0,0,0
16018,16018,1409,0,0,0,0,0
16028,16028,189,2,0,0,0,0
18032,18032,277,3,0,0,0,0
18035,18035,288,3,0,0,0,0
18214,18214,439,0,0,0,0,0
18420,18420,301,1,0,0,0,0
18604,18604,363,2,0,0,0,0
18804,18804,837,0,0,0,0,0
19008,19008,283,2,0,0,0,0
20001,20001,86,1,0,0,0,0
20039,20039,2212,2,0,0,0,0
20052,20052,451,2,0,0,0,0
20061,20061,22,2,0,0,0,0
20063,20063,566,2,0,0,0,0
20068,20068,409,1,0,0,0,0
20252,20252,5637,1,0,0,0,0
20259,20259,617,1,0,0,0,0
20273,20273,121,1,0,0,0,0
20278,20278,274,1,0,0,0,0
20429,20429,572,1,0,0,0,0
20605,20605,120,2,0,0,0,0
20631,20631,27,1,0,0,0,0
20639,20639,187,1,0,0,0,0
20640,20640,499,2,0,0,0,0
20642,20642,353,5,0,0,0,0
20652,20652,204,0,0,0,0,0
20653,20653,131,1,0,0,0,0
20801,20801,1235,1,0,0,0,0
20804,20804,2,1,0,0,0,0
20817,20817,10,2,0,0,0,0
20820,20820,186,1,0,0,0,0
22062,22062,14,0,0,0,0,0
22211,22211,217,2,0,0,0,0
22237,22237,112,1,0,0,0,0
22637,22637,381,1,0,0,0,0
22811,22811,0,2,0,0,0,0
22821,22821,287,2,0,0,0,0
24002,24002,3767,1,0,0,0,0
24411,24411,194,2,0,0,0,0
24604,24604,4,2,0,0,0,0
24803,24803,156,1,0,0,0,0
24808,24808,230,1,0,0,0,0
25017,25017,206,1,0,0,0,0
22431,22431,222,2,0,0,0,0
22437,22437,40,0,0,0,0,0
24016,24016,197,1,0,0,0,0
24027,24027,697,1,0,0,0,0
24203,24203,84,0,0,0,0,0
24205,24205,37,0,0,0,0,0
24214,24214,318,1,0,0,0,0
24225,24225,157,0,0,0,0,0
24228,24228,145,0,0,0,0,0
24605,24605,368,3,0,0,0,0
24816,24816,160,0,0,0,0,0
8432,8432,121,4,0,0,0,0
8437,8437,189,2,0,0,0,0
10213,10213,1536,3,0,0,0,0
10224,10224,75,3,0,0,0,0
20415,20415,724,0,0,0,0,0
20428,20428,85,1,0,0,0,0
20434,20434,376,2,0,0,0,0
20601,20601,194,1,0,0,0,0
20620,20620,182,0,0,0,0,0
20622,20622,323,1,0,0,0,0
20625,20625,245,1,0,0,0,0
6419,6419,1005,0,0,0,0,0
6420,6420,90,1,0,0,0,0
6606,6606,850,0,0,0,0,0
6615,6615,43,1,0,0,0,0
6625,6625,109,1,0,0,0,0
6801,6801,501,1,0,0,0,0
24827,24827,114,1,0,0,0,0
25002,25002,44,1,0,0,0,0
25008,25008,162,0,0,0,0,0
25012,25012,364,1,0,0,0,0
25014,25014,233,1,0,0,0,0
25021,25021,116,1,0,0,0,0
25024,25024,217,1,0,0,0,0
2,2,205,2,0,0,0,0
20,20,41,1,0,0,0,0
21,21,312,1,0,0,0,0
26,26,184,1,0,0,0,0
70,70,788,0,0,0,0,0
10604,10604,429,0,0,0,0,0
10619,10619,160,1,0,0,0,0
10819,10819,94,3,0,0,0,0
11013,11013,208,1,0,0,0,0
11036,11036,466,1,0,0,0,0
20651,20651,283,1,0,0,0,0
20803,20803,9,1,0,0,0,0
20813,20813,53,1,0,0,0,0
20821,20821,607,0,0,0,0,0
20832,20832,0,1,0,0,0,0
20836,20836,60,1,0,0,0,0
22004,22004,611,0,0,0,0,0
22009,22009,940,1,0,0,0,0
22013,22013,487,1,0,0,0,0
22021,22021,179,2,0,0,0,0
6810,6810,139,1,0,0,0,0
6815,6815,1147,1,0,0,0,0
7007,7007,29,2,0,0,0,0
7024,7024,1694,1,0,0,0,0
7220,7220,277,3,0,0,0,0
7230,7230,142,2,0,0,0,0
86,86,2535,1,0,0,0,0
88,88,3123,0,0,0,0,0
90,90,7584,0,0,0,0,0
95,95,3870,0,0,0,0,0
112,112,850,0,0,0,0,0
406,406,479,1,0,0,0,0
607,607,561,1,0,0,0,0
802,802,477,0,0,0,0,0
812,812,597,0,0,0,0,0
815,815,172,1,0,0,0,0
1201,1201,275,1,0,0,0,0
11202,11202,224,2,0,0,0,0
11426,11426,621,2,0,0,0,0
11635,11635,115,6,0,0,0,0
11822,11822,47,1,0,0,0,0
11833,11833,230,1,0,0,0,0
11844,11844,141,1,0,0,0,0
12013,12013,441,1,0,0,0,0
22057,22057,233,0,0,0,0,0
22069,22069,2498,0,0,0,0,0
22070,22070,249,2,0,0,0,0
22202,22202,0,1,0,0,0,0
22256,22256,162,0,0,0,0,0
22442,22442,462,2,0,0,0,0
22619,22619,497,1,0,0,0,0
7233,7233,256,1,0,0,0,0
7401,7401,904,1,0,0,0,0
7402,7402,251,0,0,0,0,0
7438,7438,150,2,0,0,0,0
7440,7440,128,1,0,0,0,0
7605,7605,269,3,0,0,0,0
1438,1438,9,1,0,0,0,0
1443,1443,335,0,0,0,0,0
1802,1802,3072,0,0,0,0,0
1803,1803,10,0,0,0,0,0
1805,1805,293,0,0,0,0,0
1810,1810,672,0,0,0,0,0
1811,1811,26,1,0,0,0,0
1812,1812,215,0,0,0,0,0
1818,1818,780,0,0,0,0,0
1822,1822,716,2,0,0,0,0
12029,12029,3674,1,0,0,0,0
12213,12213,642,1,0,0,0,0
12233,12233,391,2,0,0,0,0
22630,22630,485,1,0,0,0,0
22636,22636,182,0,0,0,0,0
22816,22816,295,2,0,0,0,0
22824,22824,417,1,0,0,0,0
22829,22829,287,1,0,0,0,0
24006,24006,1205,0,0,0,0,0
7606,7606,441,2,0,0,0,0
7609,7609,333,2,0,0,0,0
7610,7610,163,2,0,0,0,0
7820,7820,426,1,0,0,0,0
7822,7822,107,1,0,0,0,0
2004,2004,182,2,0,0,0,0
2421,2421,114,2,0,0,0,0
2422,2422,118,1,0,0,0,0
2611,2611,250,0,0,0,0,0
2626,2626,241,0,0,0,0,0
14204,14204,88,2,0,0,0,0
14219,14219,169,1,0,0,0,0
14432,14432,577,2,0,0,0,0
14438,14438,71,2,0,0,0,0
24213,24213,30,1,0,0,0,0
24218,24218,3626,1,0,0,0,0
8001,8001,342,1,0,0,0,0
8015,8015,200,2,0,0,0,0
8406,8406,124,1,0,0,0,0
3004,3004,547,3,0,0,0,0
3222,3222,301,3,0,0,0,0
4016,4016,264,0,0,0,0,0
4027,4027,217,1,0,0,0,0
4029,4029,321,1,0,0,0,0
4039,4039,1633,2,0,0,0,0
4215,4215,59,1,0,0,0,0
14803,14803,446,1,0,0,0,0
14814,14814,299,1,0,0,0,0
15222,15222,262,2,0,0,0,0
24224,24224,91,1,0,0,0,0
24402,24402,2440,1,0,0,0,0
25001,25001,102,1,0,0,0,0
25005,25005,178,1,0,0,0,0
25032,25032,41,0,0,0,0,0
25033,25033,202,3,0,0,0,0
8422,8422,103,1,0,0,0,0
10220,10220,5731,1,0,0,0,0
4218,4218,752,1,0,0,0,0
4242,4242,1117,1,0,0,0,0
4251,4251,191,1,0,0,0,0
4253,4253,1620,2,0,0,0,0
4418,4418,1058,1,0,0,0,0
4435,4435,321,0,0,0,0,0
4448,4448,490,1,0,0,0,0
15413,15413,628,2,0,0,0,0
15415,15415,252,2,0,0,0,0
15602,15602,212,2,0,0,0,0
15801,15801,257,1,0,0,0,0
25034,25034,153,2,0,0,0,0
24,24,647,1,0,0,0,0
32,32,391,2,0,0,0,0
68,68,1986,1,0,0,0,0
96,96,8897,0,0,0,0,0
102,102,6505,0,0,0,0,0
117,117,4944,1,0,0,0,0
119,119,2251,1,0,0,0,0
143,143,469,5,0,0,0,0
613,613,712,1,0,0,0,0
615,615,498,1,0,0,0,0
10618,10618,2947,3,0,0,0,0
10808,10808,162,3,0,0,0,0
4459,4459,261,1,0,0,0,0
4606,4606,181,2,0,0,0,0
4608,4608,1276,1,0,0,0,0
4615,4615,213,0,0,0,0,0
4811,4811,658,2,0,0,0,0
4815,4815,121,1,0,0,0,0
16033,16033,194,3,0,0,0,0
16034,16034,248,1,0,0,0,0
16225,16225,392,1,0,0,0,0
18014,18014,2435,1,0,0,0,0
18025,18025,1208,2,0,0,0,0
18222,18222,152,2,0,0,0,0
807,807,266,0,0,0,0,0
847,847,390,1,0,0,0,0
1028,1028,11647,0,0,0,0,0
1203,1203,77,1,0,0,0,0
1413,1413,256,1,0,0,0,0
1425,1425,218,1,0,0,0,0
1809,1809,34,0,0,0,0,0
2003,2003,1154,0,0,0,0,0
10813,10813,215,2,0,0,0,0
11020,11020,131,1,0,0,0,0
11025,11025,22,2,0,0,0,0
11403,11403,277,2,0,0,0,0
11413,11413,330,7,0,0,0,0
5012,5012,1393,2,0,0,0,0
5014,5014,143,1,0,0,0,0
5060,5060,150,1,0,0,0,0
6009,6009,889,1,0,0,0,0
6206,6206,211,1,0,0,0,0
18238,18238,1439,3,0,0,0,0
18241,18241,3041,4,0,0,0,0
18403,18403,542,1,0,0,0,0
18427,18427,274,1,0,0,0,0
2010,2010,492,0,0,0,0,0
2440,2440,374,0,0,0,0,0
2637,2637,160,0,0,0,0,0
2804,2804,308,0,0,0,0,0
11421,11421,170,1,0,0,0,0
11630,11630,825,1,0,0,0,0
11641,11641,293,2,0,0,0,0
6217,6217,172,1,0,0,0,0
6408,6408,189,1,0,0,0,0
6605,6605,263,1,0,0,0,0
6609,6609,180,1,0,0,0,0
7001,7001,92,2,0,0,0,0
7025,7025,246,1,0,0,0,0
18608,18608,45,1,0,0,0,0
18622,18622,723,5,0,0,0,0
19016,19016,450,4,0,0,0,0
19020,19020,165,5,0,0,0,0
20014,20014,143,0,0,0,0,0
20015,20015,1795,1,0,0,0,0
3210,3210,931,0,0,0,0,0
3406,3406,1062,1,0,0,0,0
3623,3623,2857,0,0,0,0,0
3625,3625,214,1,0,0,0,0
4014,4014,500,4,0,0,0,0
11808,11808,1527,1,0,0,0,0
11817,11817,312,0,0,0,0,0
11829,11829,365,1,0,0,0,0
7043,7043,734,1,0,0,0,0
7231,7231,252,1,0,0,0,0
7435,7435,45,1,0,0,0,0
20027,20027,3190,1,0,0,0,0
20031,20031,700,1,0,0,0,0
20049,20049,1804,2,0,0,0,0
20055,20055,93,0,0,0,0,0
20065,20065,143,2,0,0,0,0
20080,20080,320,0,0,0,0,0
20201,20201,180,1,0,0,0,0
4201,4201,1095,1,0,0,0,0
4204,4204,894,2,0,0,0,0
4426,4426,413,1,0,0,0,0
4621,4621,265,0,0,0,0,0
4801,4801,118,2,0,0,0,0
4824,4824,25,0,0,0,0,0
12224,12224,560,1,0,0,0,0
12415,12415,3078,1,0,0,0,0
12419,12419,623,1,0,0,0,0
10026,10026,69,1,0,0,0,0
10035,10035,47,0,0,0,0,0
10038,10038,763,1,0,0,0,0
10627,10627,274,1,0,0,0,0
20232,20232,212,1,0,0,0,0
20265,20265,328,2,0,0,0,0
3002,3002,399,2,0,0,0,0
3008,3008,1618,3,0,0,0,0
3605,3605,84,0,0,0,0,0
4043,4043,909,2,0,0,0,0
12024,12024,262,1,0,0,0,0
12206,12206,552,0,0,0,0,0
12418,12418,1895,2,0,0,0,0
14005,14005,339,1,0,0,0,0
14011,14011,590,1,0,0,0,0
14020,14020,178,1,0,0,0,0
14030,14030,41,1,0,0,0,0
14210,14210,117,2,0,0,0,0
14214,14214,208,1,0,0,0,0
14402,14402,168,2,0,0,0,0
14434,14434,4,0,0,0,0,0
14439,14439,35,1,0,0,0,0
14808,14808,369,1,0,0,0,0
15412,15412,188,1,0,0,0,0
15619,15619,188,1,0,0,0,0
15637,15637,484,2,0,0,0,0
18402,18402,30,1,0,0,0,0
18409,18409,1412,1,0,0,0,0
18635,18635,1654,2,0,0,0,0
18833,18833,110,2,0,0,0,0
19010,19010,282,3,0,0,0,0
20017,20017,1029,1,0,0,0,0
20030,20030,240,1,0,0,0,0
20203,20203,302,1,0,0,0,0
20206,20206,261,1,0,0,0,0
20235,20235,879,1,0,0,0,0
20260,20260,112,2,0,0,0,0
20261,20261,2949,0,0,0,0,0
20403,20403,182,1,0,0,0,0
20405,20405,239,0,0,0,0,0
20431,20431,203,1,0,0,0,0
20433,20433,33,1,0,0,0,0
20440,20440,621,0,0,0,0,0
20441,20441,209,1,0,0,0,0
20608,20608,441,2,0,0,0,0
20629,20629,218,2,0,0,0,0
20630,20630,102,2,0,0,0,0
20632,20632,183,1,0,0,0,0
20645,20645,0,1,0,0,0,0
20814,20814,243,1,0,0,0,0
20830,20830,19,1,0,0,0,0
22041,22041,326,1,0,0,0,0
22071,22071,200,0,0,0,0,0
22235,22235,229,1,0,0,0,0
22242,22242,92,2,0,0,0,0
22421,22421,435,0,0,0,0,0
22813,22813,0,2,0,0,0,0
24028,24028,743,1,0,0,0,0
24040,24040,885,1,0,0,0,0
20806,20806,0,1,0,0,0,0
24413,24413,510,2,0,0,0,0
24414,24414,98,2,0,0,0,0
25009,25009,313,1,0,0,0,0
612,612,330,1,0,0,0,0
617,617,256,1,0,0,0,0
813,813,199,1,0,0,0,0
817,817,533,1,0,0,0,0
828,828,418,0,0,0,0,0
1010,1010,134,0,0,0,0,0
1021,1021,427,1,0,0,0,0
1207,1207,19,0,0,0,0,0
1622,1622,49,0,0,0,0,0
24206,24206,1174,1,0,0,0,0
24207,24207,51,1,0,0,0,0
24217,24217,130,1,0,0,0,0
24221,24221,1173,1,0,0,0,0
25028,25028,1027,1,0,0,0,0
3,3,625,1,0,0,0,0
27,27,209,1,0,0,0,0
49,49,378,0,0,0,0,0
64,64,432,2,0,0,0,0
89,89,497,0,0,0,0,0
97,97,4129,0,0,0,0,0
104,104,167,0,0,0,0,0
105,105,1398,1,0,0,0,0
115,115,4162,1,0,0,0,0
124,124,216,2,0,0,0,0
37,37,149,1,0,0,0,0
48,48,815,0,0,0,0,0
55,55,389,0,0,0,0,0
61,61,3487,0,0,0,0,0
74,74,1202,1,0,0,0,0
75,75,216,0,0,0,0,0
628,628,1136,0,0,0,0,0
840,840,241,1,0,0,0,0
1011,1011,310,0,0,0,0,0
1019,1019,388,0,0,0,0,0
1022,1022,1453,0,0,0,0,0
1036,1036,1625,0,0,0,0,0
10811,10811,184,3,0,0,0,0
10816,10816,2,2,0,0,0,0
10823,10823,275,2,0,0,0,0
11004,11004,408,1,0,0,0,0
11005,11005,168,1,0,0,0,0
11012,11012,232,1,0,0,0,0
11035,11035,57,1,0,0,0,0
20423,20423,1141,1,0,0,0,0
20424,20424,185,1,0,0,0,0
20427,20427,61,1,0,0,0,0
20602,20602,142,1,0,0,0,0
4252,4252,177,2,0,0,0,0
4255,4255,1197,2,0,0,0,0
4258,4258,1432,2,0,0,0,0
1221,1221,180,1,0,0,0,0
1231,1231,189,0,0,0,0,0
1436,1436,495,0,0,0,0,0
1610,1610,517,1,0,0,0,0
1806,1806,1224,0,0,0,0,0
1815,1815,187,0,0,0,0,0
1819,1819,32,1,0,0,0,0
2201,2201,297,2,0,0,0,0
2204,2204,261,0,0,0,0,0
2412,2412,79,2,0,0,0,0
11209,11209,202,2,0,0,0,0
11210,11210,1090,2,0,0,0,0
11627,11627,276,1,0,0,0,0
11806,11806,1923,2,0,0,0,0
11830,11830,523,1,0,0,0,0
20619,20619,0,0,0,0,0,0
20626,20626,225,0,0,0,0,0
20627,20627,77,1,0,0,0,0
20638,20638,50,1,0,0,0,0
20654,20654,71,1,0,0,0,0
20655,20655,83,1,0,0,0,0
20805,20805,0,1,0,0,0,0
4810,4810,322,2,0,0,0,0
4825,4825,246,1,0,0,0,0
5016,5016,469,0,0,0,0,0
2413,2413,441,0,0,0,0,0
2604,2604,262,0,0,0,0,0
2621,2621,210,0,0,0,0,0
2638,2638,332,0,0,0,0,0
2641,2641,697,0,0,0,0,0
2820,2820,168,1,0,0,0,0
3009,3009,300,0,0,0,0,0
3028,3028,242,0,0,0,0,0
3216,3216,50,6,0,0,0,0
3401,3401,300,1,0,0,0,0
12004,12004,232,1,0,0,0,0
12201,12201,720,1,0,0,0,0
12209,12209,186,0,0,0,0,0
12223,12223,63,1,0,0,0,0
12245,12245,1165,0,0,0,0,0
20812,20812,485,1,0,0,0,0
20816,20816,0,2,0,0,0,0
20826,20826,0,1,0,0,0,0
20831,20831,0,1,0,0,0,0
20834,20834,4,1,0,0,0,0
20835,20835,43,1,0,0,0,0
20837,20837,6,2,0,0,0,0
20841,20841,11,5,0,0,0,0
22016,22016,268,0,0,0,0,0
6204,6204,102,1,0,0,0,0
6215,6215,147,1,0,0,0,0
3611,3611,201,1,0,0,0,0
3624,3624,250,1,0,0,0,0
4010,4010,1191,4,0,0,0,0
4033,4033,132,0,0,0,0,0
4035,4035,440,1,0,0,0,0
12403,12403,554,2,0,0,0,0
14018,14018,102,2,0,0,0,0
14025,14025,2698,2,0,0,0,0
14029,14029,252,2,0,0,0,0
22025,22025,4083,1,0,0,0,0
22032,22032,336,1,0,0,0,0
22049,22049,1285,4,0,0,0,0
22061,22061,76,0,0,0,0,0
22252,22252,861,0,0,0,0,0
6401,6401,77,0,0,0,0,0
6407,6407,115,1,0,0,0,0
6416,6416,55,1,0,0,0,0
6603,6603,312,1,0,0,0,0
6627,6627,17,1,0,0,0,0
6809,6809,72,0,0,0,0,0
4231,4231,267,1,0,0,0,0
4259,4259,1583,2,0,0,0,0
4406,4406,708,1,0,0,0,0
14218,14218,542,2,0,0,0,0
14221,14221,135,1,0,0,0,0
14401,14401,328,2,0,0,0,0
14634,14634,260,1,0,0,0,0
22601,22601,2041,2,0,0,0,0
22616,22616,815,0,0,0,0,0
22618,22618,1080,1,0,0,0,0
22625,22625,866,1,0,0,0,0
22628,22628,69,1,0,0,0,0
6811,6811,93,0,0,0,0,0
7003,7003,21,1,0,0,0,0
7006,7006,70,1,0,0,0,0
7029,7029,265,1,0,0,0,0
4603,4603,776,3,0,0,0,0
4609,4609,327,2,0,0,0,0
4622,4622,380,2,0,0,0,0
5015,5015,212,1,0,0,0,0
14816,14816,140,3,0,0,0,0
15003,15003,298,1,0,0,0,0
15005,15005,526,1,0,0,0,0
15206,15206,340,1,0,0,0,0
15214,15214,1666,1,0,0,0,0
15215,15215,222,2,0,0,0,0
22802,22802,1043,1,0,0,0,0
22809,22809,22,2,0,0,0,0
22818,22818,172,1,0,0,0,0
22820,22820,0,1,0,0,0,0
22830,22830,95,1,0,0,0,0
22838,22838,527,1,0,0,0,0
7204,7204,158,1,0,0,0,0
7206,7206,90,1,0,0,0,0
7207,7207,147,1,0,0,0,0
7240,7240,169,2,0,0,0,0
7423,7423,50,1,0,0,0,0
5049,5049,280,1,0,0,0,0
6002,6002,560,1,0,0,0,0
6222,6222,141,0,0,0,0,0
6415,6415,14,1,0,0,0,0
15634,15634,206,2,0,0,0,0
15805,15805,523,1,0,0,0,0
15817,15817,569,3,0,0,0,0
16003,16003,129,1,0,0,0,0
16022,16022,585,0,0,0,0,0
16026,16026,157,1,0,0,0,0
24004,24004,1087,1,0,0,0,0
24005,24005,318,0,0,0,0,0
24033,24033,612,1,0,0,0,0
24034,24034,999,0,0,0,0,0
7439,7439,119,1,0,0,0,0
7817,7817,3309,1,0,0,0,0
8020,8020,385,1,0,0,0,0
8025,8025,560,2,0,0,0,0
6611,6611,138,1,0,0,0,0
6614,6614,54,1,0,0,0,0
6616,6616,0,1,0,0,0,0
6618,6618,683,2,0,0,0,0
6623,6623,179,5,0,0,0,0
16037,16037,327,4,0,0,0,0
16044,16044,1069,0,0,0,0,0
16047,16047,199,3,0,0,0,0
16212,16212,924,3,0,0,0,0
16214,16214,1133,1,0,0,0,0
16222,16222,159,1,0,0,0,0
16227,16227,111,1,0,0,0,0
18018,18018,10168,1,0,0,0,0
24227,24227,154,1,0,0,0,0
24229,24229,884,1,0,0,0,0
24805,24805,207,0,0,0,0,0
8206,8206,259,1,0,0,0,0
8421,8421,595,1,0,0,0,0
8424,8424,576,1,0,0,0,0
8433,8433,57,2,0,0,0,0
8440,8440,76,2,0,0,0,0
6626,6626,26,1,0,0,0,0
6803,6803,47,1,0,0,0,0
7017,7017,287,1,0,0,0,0
18207,18207,418,2,0,0,0,0
18213,18213,1778,1,0,0,0,0
18407,18407,737,1,0,0,0,0
18419,18419,1208,1,0,0,0,0
18423,18423,211,2,0,0,0,0
18807,18807,2133,2,0,0,0,0
24817,24817,77,0,0,0,0,0
24823,24823,1161,1,0,0,0,0
24829,24829,343,0,0,0,0,0
25013,25013,329,1,0,0,0,0
25031,25031,243,0,0,0,0,0
33,33,903,1,0,0,0,0
45,45,3288,0,0,0,0,0
50,50,710,2,0,0,0,0
52,52,125,1,0,0,0,0
71,71,1605,0,0,0,0,0
93,93,3841,0,0,0,0,0
99,99,3501,0,0,0,0,0
101,101,513,0,0,0,0,0
10036,10036,202,1,0,0,0,0
10228,10228,6080,1,0,0,0,0
10416,10416,234,1,0,0,0,0
10448,10448,282,2,0,0,0,0
7414,7414,45,1,0,0,0,0
7417,7417,85,1,0,0,0,0
7426,7426,361,1,0,0,0,0
7427,7427,357,0,0,0,0,0
19006,19006,155,3,0,0,0,0
20022,20022,728,1,0,0,0,0
20056,20056,129,1,0,0,0,0
806,806,1322,0,0,0,0,0
1004,1004,154,2,0,0,0,0
1020,1020,1243,0,0,0,0,0
1034,1034,1093,0,0,0,0,0
1226,1226,325,0,0,0,0,0
1236,1236,145,1,0,0,0,0
1407,1407,415,0,0,0,0,0
10608,10608,605,0,0,0,0,0
10612,10612,740,1,0,0,0,0
10810,10810,34,2,0,0,0,0
11016,11016,351,2,0,0,0,0
11043,11043,49,1,0,0,0,0
11205,11205,164,1,0,0,0,0
7807,7807,1022,2,0,0,0,0
7813,7813,2000,0,0,0,0,0
8203,8203,633,2,0,0,0,0
8401,8401,114,1,0,0,0,0
8403,8403,310,2,0,0,0,0
8425,8425,79,1,0,0,0,0
20081,20081,244,1,0,0,0,0
20202,20202,338,1,0,0,0,0
1441,1441,336,1,0,0,0,0
1442,1442,53,2,0,0,0,0
1820,1820,84,0,0,0,0,0
2001,2001,253,3,0,0,0,0
2005,2005,1670,1,0,0,0,0
2007,2007,876,1,0,0,0,0
2437,2437,764,1,0,0,0,0
2613,2613,243,0,0,0,0,0
11603,11603,850,0,0,0,0,0
11605,11605,360,1,0,0,0,0
11612,11612,2842,3,0,0,0,0
11642,11642,2212,5,0,0,0,0
11810,11810,259,2,0,0,0,0
12255,12255,529,1,0,0,0,0
14001,14001,96,3,0,0,0,0
14003,14003,173,2,0,0,0,0
14006,14006,368,1,0,0,0,0
22246,22246,684,1,0,0,0,0
22404,22404,115,0,0,0,0,0
22435,22435,644,1,0,0,0,0
7411,7411,191,1,0,0,0,0
7430,7430,107,2,0,0,0,0
7437,7437,223,0,0,0,0,0
7608,7608,40,3,0,0,0,0
8213,8213,127,1,0,0,0,0
20020,20020,730,2,0,0,0,0
20037,20037,1945,1,0,0,0,0
20046,20046,98,1,0,0,0,0
20054,20054,73,2,0,0,0,0
20071,20071,163,2,0,0,0,0
20076,20076,317,2,0,0,0,0
20085,20085,537,1,0,0,0,0
20205,20205,1282,1,0,0,0,0
20207,20207,540,1,0,0,0,0
20220,20220,714,1,0,0,0,0
20401,20401,125,3,0,0,0,0
20413,20413,245,2,0,0,0,0
20610,20610,18,1,0,0,0,0
20643,20643,151,1,0,0,0,0
20827,20827,0,1,0,0,0,0
20829,20829,69,1,0,0,0,0
22008,22008,656,1,0,0,0,0
22026,22026,3472,2,0,0,0,0
22034,22034,206,1,0,0,0,0
20244,20244,362,2,0,0,0,0
20274,20274,471,2,0,0,0,0
20275,20275,215,1,0,0,0,0
22055,22055,812,2,0,0,0,0
22065,22065,38,2,0,0,0,0
22405,22405,167,1,0,0,0,0
22605,22605,341,1,0,0,0,0
22612,22612,366,2,0,0,0,0
22822,22822,25,1,0,0,0,0
24019,24019,212,1,0,0,0,0
24212,24212,116,1,0,0,0,0
24215,24215,238,1,0,0,0,0
24226,24226,209,1,0,0,0,0
24232,24232,252,0,0,0,0,0
24602,24602,447,2,0,0,0,0
24802,24802,272,1,0,0,0,0
24806,24806,64,2,0,0,0,0
24811,24811,100,0,0,0,0,0
24825,24825,217,1,0,0,0,0
25016,25016,31,1,0,0,0,0
25018,25018,161,0,0,0,0,0
25030,25030,533,2,0,0,0,0
1807,1807,769,0,0,0,0,0
1808,1808,162,0,0,0,0,0
1813,1813,2569,1,0,0,0,0
1814,1814,2097,0,0,0,0,0
2008,2008,3820,0,0,0,0,0
2013,2013,1918,1,0,0,0,0
2017,2017,418,1,0,0,0,0
2206,2206,199,0,0,0,0,0
2618,2618,658,1,0,0,0,0
2640,2640,295,0,0,0,0,0
2813,2813,171,0,0,0,0,0
2824,2824,107,0,0,0,0,0
14216,14216,180,2,0,0,0,0
14414,14414,525,1,0,0,0,0
14424,14424,336,2,0,0,0,0
14440,14440,83,0,0,0,0,0
14624,14624,737,1,0,0,0,0
22626,22626,613,1,0,0,0,0
22635,22635,106,1,0,0,0,0
22812,22812,99,1,0,0,0,0
22831,22831,273,0,0,0,0,0
24031,24031,386,3,0,0,0,0
8405,8405,176,3,0,0,0,0
8410,8410,211,2,0,0,0,0
10015,10015,232,1,0,0,0,0
10037,10037,442,1,0,0,0,0
3204,3204,1521,1,0,0,0,0
3416,3416,1357,0,0,0,0,0
3606,3606,198,1,0,0,0,0
4028,4028,3,0,0,0,0,0
4211,4211,321,1,0,0,0,0
4235,4235,139,1,0,0,0,0
4248,4248,96,2,0,0,0,0
4420,4420,569,1,0,0,0,0
15202,15202,863,2,0,0,0,0
15220,15220,1066,1,0,0,0,0
15417,15417,350,3,0,0,0,0
15418,15418,642,2,0,0,0,0
24032,24032,4002,1,0,0,0,0
24037,24037,411,1,0,0,0,0
24204,24204,165,0,0,0,0,0
24219,24219,33,0,0,0,0,0
24826,24826,245,1,0,0,0,0
24828,24828,69,1,0,0,0,0
25006,25006,88,0,0,0,0,0
25019,25019,123,0,0,0,0,0
25035,25035,182,2,0,0,0,0
10216,10216,0,1,0,0,0,0
10609,10609,708,0,0,0,0,0
10610,10610,476,1,0,0,0,0
10614,10614,600,1,0,0,0,0
4425,4425,145,1,0,0,0,0
4438,4438,291,0,0,0,0,0
4465,4465,526,0,0,0,0,0
4466,4466,448,2,0,0,0,0
4604,4604,167,1,0,0,0,0
4605,4605,42,1,0,0,0,0
4611,4611,519,1,0,0,0,0
15608,15608,231,1,0,0,0,0
9,9,833,3,0,0,0,0
10,10,499,1,0,0,0,0
19,19,137,2,0,0,0,0
39,39,1077,0,0,0,0,0
62,62,1159,0,0,0,0,0
73,73,5178,0,0,0,0,0
79,79,573,0,0,0,0,0
82,82,4026,0,0,0,0,0
92,92,5020,1,0,0,0,0
98,98,3376,0,0,0,0,0
111,111,757,0,0,0,0,0
413,413,111,1,0,0,0,0
10630,10630,133,1,0,0,0,0
10814,10814,46,4,0,0,0,0
10818,10818,905,2,0,0,0,0
10820,10820,1558,2,0,0,0,0
11006,11006,25,1,0,0,0,0
11026,11026,1143,1,0,0,0,0
11038,11038,65,1,0,0,0,0
11203,11203,280,2,0,0,0,0
4803,4803,305,1,0,0,0,0
4820,4820,261,1,0,0,0,0
5001,5001,211,1,0,0,0,0
5013,5013,368,0,0,0,0,0
16020,16020,577,2,0,0,0,0
16209,16209,775,3,0,0,0,0
16215,16215,2463,2,0,0,0,0
18004,18004,667,1,0,0,0,0
18026,18026,2512,2,0,0,0,0
18201,18201,97,2,0,0,0,0
18203,18203,262,3,0,0,0,0
427,427,1493,1,0,0,0,0
431,431,127,1,0,0,0,0
609,609,262,2,0,0,0,0
619,619,572,0,0,0,0,0
630,630,193,0,0,0,0,0
826,826,132,0,0,0,0,0
1017,1017,511,0,0,0,0,0
1205,1205,25,0,0,0,0,0
1220,1220,396,0,0,0,0,0
1223,1223,109,1,0,0,0,0
11415,11415,922,2,0,0,0,0
11422,11422,439,2,0,0,0,0
11607,11607,1130,1,0,0,0,0
11611,11611,2422,1,0,0,0,0
11624,11624,3138,2,0,0,0,0
5030,5030,127,1,0,0,0,0
5058,5058,1846,0,0,0,0,0
6014,6014,828,0,0,0,0,0
6205,6205,247,1,0,0,0,0
6208,6208,347,1,0,0,0,0
6214,6214,3,1,0,0,0,0
6421,6421,113,1,0,0,0,0
6610,6610,61,0,0,0,0,0
18418,18418,227,2,0,0,0,0
18617,18617,439,1,0,0,0,0
1821,1821,171,0,0,0,0,0
2002,2002,2361,0,0,0,0,0
2009,2009,249,3,0,0,0,0
2423,2423,176,1,0,0,0,0
2627,2627,133,1,0,0,0,0
12032,12032,815,1,0,0,0,0
12404,12404,648,1,0,0,0,0
12420,12420,2298,1,0,0,0,0
14004,14004,37,1,0,0,0,0
6621,6621,70,1,0,0,0,0
6805,6805,123,1,0,0,0,0
6806,6806,246,1,0,0,0,0
7028,7028,2059,1,0,0,0,0
7049,7049,744,0,0,0,0,0
18628,18628,462,2,0,0,0,0
19009,19009,44,4,0,0,0,0
19015,19015,172,1,0,0,0,0
2639,2639,253,1,0,0,0,0
2808,2808,385,1,0,0,0,0
3006,3006,229,1,0,0,0,0
3018,3018,7013,4,0,0,0,0
4011,4011,290,0,0,0,0,0
14201,14201,134,2,0,0,0,0
14207,14207,136,1,0,0,0,0
14209,14209,221,2,0,0,0,0
14408,14408,741,2,0,0,0,0
14416,14416,113,2,0,0,0,0
14603,14603,244,2,0,0,0,0
7235,7235,153,1,0,0,0,0
7416,7416,136,1,0,0,0,0
7424,7424,198,1,0,0,0,0
7810,7810,1132,2,0,0,0,0
20012,20012,216,2,0,0,0,0
20019,20019,287,1,0,0,0,0
20029,20029,603,1,0,0,0,0
20079,20079,154,0,0,0,0,0
4017,4017,916,1,0,0,0,0
4018,4018,94,0,0,0,0,0
4049,4049,462,1,0,0,0,0
4212,4212,208,1,0,0,0,0
4256,4256,310,1,0,0,0,0
4403,4403,832,1,0,0,0,0
4410,4410,127,2,0,0,0,0
14815,14815,307,3,0,0,0,0
8219,8219,259,1,0,0,0,0
8409,8409,115,1,0,0,0,0
8412,8412,186,2,0,0,0,0
8420,8420,111,1,0,0,0,0
8431,8431,221,2,0,0,0,0
8434,8434,211,3,0,0,0,0
20230,20230,744,1,0,0,0,0
4439,4439,150,2,0,0,0,0
4443,4443,152,2,0,0,0,0
5020,5020,438,0,0,0,0,0
15636,15636,238,1,0,0,0,0
15802,15802,1209,1,0,0,0,0
15810,15810,381,1,0,0,0,0
15824,15824,1861,1,0,0,0,0
16006,16006,805,0,0,0,0,0
16007,16007,75,0,0,0,0,0
16008,16008,154,1,0,0,0,0
10202,10202,697,1,0,0,0,0
10212,10212,3698,0,0,0,0,0
10226,10226,328,1,0,0,0,0
10429,10429,479,2,0,0,0,0
10432,10432,107,1,0,0,0,0
20249,20249,942,1,0,0,0,0
20283,20283,300,1,0,0,0,0
5038,5038,2549,2,0,0,0,0
6012,6012,1085,1,0,0,0,0
6013,6013,317,1,0,0,0,0
6212,6212,55,0,0,0,0,0
6219,6219,260,0,0,0,0,0
16039,16039,216,3,0,0,0,0
16204,16204,317,1,0,0,0,0
18009,18009,531,1,0,0,0,0
18013,18013,8798,2,0,0,0,0
10443,10443,87,3,0,0,0,0
11003,11003,884,1,0,0,0,0
11410,11410,94,2,0,0,0,0
20412,20412,346,2,0,0,0,0
20430,20430,48,1,0,0,0,0
20616,20616,0,0,0,0,0,0
20628,20628,27,1,0,0,0,0
20636,20636,133,1,0,0,0,0
6223,6223,98,1,0,0,0,0
6604,6604,413,1,0,0,0,0
6613,6613,121,1,0,0,0,0
18412,18412,130,0,0,0,0,0
18430,18430,199,2,0,0,0,0
18431,18431,656,2,0,0,0,0
18607,18607,2109,1,0,0,0,0
18634,18634,868,1,0,0,0,0
11824,11824,104,1,0,0,0,0
12007,12007,180,1,0,0,0,0
12210,12210,875,1,0,0,0,0
20656,20656,65,3,0,0,0,0
20807,20807,0,1,0,0,0,0
20808,20808,23,2,0,0,0,0
20811,20811,0,1,0,0,0,0
20828,20828,0,1,0,0,0,0
22020,22020,222,2,0,0,0,0
7015,7015,559,1,0,0,0,0
7037,7037,1438,1,0,0,0,0
7041,7041,346,2,0,0,0,0
7211,7211,171,3,0,0,0,0
7224,7224,336,3,0,0,0,0
7409,7409,90,0,0,0,0,0
18803,18803,372,1,0,0,0,0
18805,18805,1852,2,0,0,0,0
18828,18828,3240,3,0,0,0,0
18830,18830,577,2,0,0,0,0
19018,19018,163,2,0,0,0,0
