Zone_Number,Jobs,ParkTrail,ActivityCenter,Grocery,HealthFac,SchoolU,Count
1,463125,204,33,20,101,224,323
2,487094,243,40,23,113,270,370
3,520975,269,47,24,130,320,422
4,530808,296,50,28,136,358,450
5,579947,366,59,31,147,390,530
6,601515,380,59,35,163,415,559
7,559535,323,53,29,143,359,496
8,587316,354,58,35,157,402,532
9,539061,334,51,37,139,330,487
10,563423,334,52,36,145,390,511
11,560576,341,53,34,144,400,511
12,581382,362,54,40,154,421,551
13,597712,378,55,35,155,430,555
14,620659,418,59,41,165,464,601
15,634726,417,63,38,168,458,599
16,665573,464,70,47,181,502,665
17,672320,474,69,47,188,514,669
18,692861,495,73,50,193,524,704
19,685848,495,73,48,197,524,689
20,690004,510,75,51,196,536,703
21,700022,515,77,51,204,542,718
22,706057,517,79,52,210,555,727
23,695360,505,77,54,202,537,702
24,666616,468,72,48,189,506,668
25,616379,409,63,44,181,441,595
26,623603,420,66,47,181,438,607
27,608757,415,69,46,177,427,593
28,693271,501,77,54,203,536,696
29,653127,439,69,46,191,481,637
30,629490,449,71,50,187,468,630
31,665423,484,81,55,197,476,688
32,608874,403,61,45,165,466,616
33,644805,439,67,48,185,490,660
34,601617,395,59,43,162,448,592
35,642175,433,67,46,184,478,636
36,665685,462,70,49,191,514,664
37,693550,496,76,54,200,541,706
38,713131,520,76,56,207,549,731
39,759506,580,83,63,230,596,800
40,768589,597,85,63,233,601,815
41,769635,599,90,68,237,599,818
42,764823,593,93,64,231,607,812
43,810147,639,95,73,250,640,869
44,791092,626,94,67,240,629,843
45,740427,567,88,62,221,581,779
46,713513,532,82,55,212,560,740
47,679348,487,75,49,200,516,683
48,649388,459,75,51,198,497,659
49,648515,461,77,50,194,481,659
50,662384,477,82,52,203,476,677
51,659147,455,69,49,190,498,660
52,734817,532,84,61,220,567,765
53,751275,550,85,63,228,583,780
54,787868,606,89,70,245,626,845
55,774971,590,87,66,240,613,825
56,811953,619,92,75,257,642,872
57,787719,615,91,70,250,624,850
58,798719,622,94,71,249,633,858
59,824405,653,98,75,262,659,893
60,808118,653,100,75,255,647,884
61,724804,557,85,60,215,577,776
62,661120,469,76,53,199,510,687
63,692366,507,89,58,216,523,724
64,654289,462,69,47,185,498,670
65,734209,533,78,58,224,563,767
66,748056,537,78,59,229,571,776
67,765113,562,82,62,241,592,796
68,788990,595,89,67,253,621,834
69,846380,656,96,75,279,674,912
70,841815,658,99,78,267,674,913
71,875626,698,103,86,280,699,957
72,831236,659,97,79,273,676,920
73,829566,654,95,75,264,668,907
74,830127,670,99,80,270,679,930
75,833766,674,97,78,268,675,925
76,853602,697,101,82,276,690,947
77,827485,665,98,78,261,658,910
78,779121,614,96,71,246,627,857
79,739923,575,92,64,230,589,817
80,842632,687,100,79,274,675,938
81,806119,637,97,73,254,641,884
82,756156,587,96,68,233,597,832
83,717989,538,85,60,214,572,774
84,703888,517,81,60,213,558,745
85,733463,547,89,63,224,565,781
86,744290,544,84,61,226,580,777
87,785187,596,89,69,247,626,835
88,856218,669,99,78,273,685,924
89,863577,688,106,85,274,696,953
90,851864,674,101,82,268,684,936
91,850847,673,100,82,277,685,943
92,828296,678,101,76,273,663,933
93,841758,698,101,80,279,686,952
94,834955,691,100,78,276,674,940
95,797534,632,96,74,255,630,880
96,769824,599,94,70,233,614,846
97,749961,568,88,67,226,596,810
98,842727,708,104,83,277,681,962
99,804636,648,102,77,253,640,898
100,752140,579,92,67,225,599,822
101,718061,539,84,63,219,561,775
102,700636,509,80,58,211,544,740
103,747124,563,92,65,236,578,795
104,612078,407,64,47,168,471,608
105,632510,431,67,50,173,493,642
106,729564,520,82,59,221,566,751
107,767056,588,91,61,235,616,816
108,768693,573,86,65,224,608,809
109,791648,611,93,70,243,635,861
110,746945,567,85,63,227,596,797
111,769844,592,94,69,233,616,838
112,803324,643,98,77,245,650,887
113,785935,617,96,71,242,629,855
114,806626,640,97,76,250,649,888
115,795854,624,97,74,246,632,871
116,770896,603,96,72,233,617,841
117,720823,540,88,65,219,568,781
118,687354,497,80,58,211,533,734
119,733196,548,90,64,222,579,786
120,666563,463,76,52,203,510,692
121,672210,485,78,51,196,513,697
122,732115,556,93,68,227,556,781
123,612491,389,60,42,168,447,584
124,542726,300,48,31,142,369,466
125,675558,467,70,51,200,526,693
126,614973,413,61,48,167,478,609
127,575976,352,54,39,155,419,532
128,609786,382,59,43,172,457,578
129,661064,469,69,50,189,531,675
130,607149,396,60,40,169,465,586
131,678391,484,75,54,200,528,710
132,649655,444,70,45,194,502,659
133,696184,514,83,63,210,547,747
134,689693,487,78,54,214,544,724
135,682087,482,78,55,209,528,717
136,617252,398,66,48,182,454,609
137,684836,502,80,55,212,547,732
138,600308,367,59,35,177,443,564
139,561520,319,56,33,168,402,495
140,579702,353,59,34,176,431,545
141,554629,321,56,31,168,404,493
142,556643,326,56,31,173,405,498
143,511754,271,49,28,150,350,423
401,600083,378,57,42,166,447,567
402,651008,423,66,41,194,492,634
403,637807,415,66,40,192,486,619
404,544840,303,52,29,162,394,471
405,509762,275,48,27,145,368,427
406,520231,286,52,29,158,371,433
407,634977,401,65,45,180,463,628
408,613242,400,60,38,170,455,600
409,649577,445,64,42,190,482,643
410,627234,416,60,48,180,476,624
411,631517,419,65,41,189,469,613
412,625255,399,59,44,183,453,610
413,565553,328,57,37,166,392,498
414,668338,464,68,48,193,498,681
415,526038,288,51,30,153,380,450
416,722343,501,81,62,227,533,737
417,562440,338,53,31,161,406,510
418,590093,352,54,40,170,420,542
419,643730,446,60,42,189,481,649
420,499188,264,48,27,129,342,409
421,529190,288,52,28,153,351,430
422,493549,255,46,25,135,309,372
423,517902,277,50,29,148,346,411
424,501965,266,49,29,145,332,389
425,419554,201,38,22,113,246,298
426,602394,373,55,45,182,448,574
427,669454,492,68,48,206,504,679
428,629992,427,61,39,186,467,617
429,552848,323,51,32,151,372,500
430,672533,477,68,46,206,493,671
431,607474,394,62,33,182,450,559
432,524522,304,51,24,141,357,444
433,508524,274,50,29,147,336,408
434,471780,245,47,25,132,303,371
435,478206,253,48,27,144,319,387
601,519774,286,46,27,138,339,431
602,499836,243,41,29,123,303,390
603,544615,314,48,34,145,371,477
604,529409,295,47,30,138,349,451
605,435875,185,28,19,96,220,289
606,504513,253,41,29,125,314,404
607,507010,256,41,29,128,317,406
608,510713,267,42,29,130,327,417
609,42189,59,6,5,16,64,70
610,453591,204,31,23,105,250,324
611,276914,125,20,12,58,143,201
612,565085,329,50,35,155,395,507
613,442439,196,32,23,95,233,310
614,510646,252,41,28,133,321,408
615,228182,128,19,11,57,143,186
616,564442,333,50,36,158,393,508
617,276953,148,20,15,70,161,221
618,342233,153,24,15,75,180,245
619,485846,227,35,29,125,285,366
620,580180,351,52,41,171,414,531
621,442722,195,34,24,101,238,316
622,559631,328,50,37,167,385,491
623,159620,130,15,12,57,142,176
624,235787,170,21,23,75,188,237
625,560982,331,50,37,167,387,496
626,320839,204,31,26,98,218,283
627,552798,309,47,38,159,378,471
628,513974,268,39,31,137,301,412
629,471185,234,35,27,119,264,359
630,364062,233,35,29,112,238,323
801,384532,143,25,13,73,147,239
802,435512,177,31,17,89,187,288
803,458697,200,32,19,95,205,320
804,519983,282,43,25,127,297,421
805,547154,317,48,27,141,338,464
806,447720,194,31,18,90,209,306
807,500477,254,39,23,117,274,383
808,481677,223,37,21,106,242,355
809,444823,187,34,17,91,197,296
810,555346,324,48,27,142,353,480
811,543517,309,47,27,138,334,460
812,445525,187,33,17,90,200,299
813,467636,210,35,19,102,221,334
814,502974,267,40,25,122,265,396
815,470200,210,35,19,103,235,342
816,484107,226,38,20,110,241,358
817,545174,313,47,27,139,343,465
818,471675,207,37,19,106,236,347
819,576288,333,53,30,153,372,502
820,508259,261,42,23,121,284,397
821,509527,266,38,23,121,277,405
822,594916,347,56,32,157,394,530
823,468261,212,36,19,100,233,336
824,473219,213,39,18,107,239,340
825,470658,227,38,23,99,227,349
826,466293,202,36,18,104,231,332
827,489217,226,42,21,112,254,366
828,507659,267,39,25,123,285,407
829,544912,301,49,29,140,345,455
830,505652,252,37,26,122,263,389
831,608408,379,60,38,162,419,567
832,493145,237,41,21,114,272,378
833,466596,216,37,19,107,244,343
834,610056,387,63,39,161,435,577
835,489459,233,41,22,117,270,376
836,532808,294,48,26,136,336,450
837,473697,250,40,27,101,248,371
838,544504,304,48,30,138,331,458
839,576436,330,50,31,148,379,507
840,513270,260,40,27,127,286,407
841,485772,250,39,30,115,271,388
842,515695,270,45,23,128,299,417
843,482792,279,44,32,114,271,410
844,575167,339,55,31,148,383,532
845,623149,402,64,43,168,454,607
846,551672,325,53,27,135,361,490
847,583287,357,59,35,163,391,532
848,507660,280,42,32,127,284,412
849,518514,305,49,35,132,304,446
1001,516334,302,42,35,127,290,434
1002,479399,285,43,36,115,275,414
1003,519626,315,44,41,125,311,461
1004,512676,303,46,34,129,290,437
1005,533528,324,51,43,136,319,472
1006,457077,281,45,32,104,260,408
1007,583373,374,64,47,162,373,541
1008,494958,303,47,34,136,297,430
1009,484799,305,55,35,116,273,426
1010,496030,316,53,34,135,287,437
1011,484711,298,49,33,134,286,422
1012,603206,408,67,42,184,415,589
1013,495731,317,55,37,127,290,437
1014,615102,440,69,52,175,438,627
1015,572366,377,63,43,159,385,543
1016,562731,357,62,45,158,363,514
1017,611408,440,67,48,182,424,616
1018,643674,463,70,51,194,453,654
1019,665960,490,80,55,201,489,693
1020,670690,471,82,53,203,490,691
1021,551446,347,58,38,161,350,506
1022,646456,443,77,50,198,459,651
1023,551631,328,56,37,161,347,494
1024,581861,370,65,38,173,389,542
1025,684877,486,79,55,205,496,706
1026,780429,630,96,70,250,624,862
1027,595963,397,68,41,182,407,558
1028,660153,448,75,49,205,474,663
1029,742589,567,92,63,234,579,806
1030,719863,529,87,63,230,558,770
1031,693042,481,76,55,222,526,708
1032,628476,411,69,43,202,447,611
1033,608945,388,66,41,193,426,574
1034,815728,685,103,80,266,665,922
1035,648907,439,69,50,204,461,642
1036,730110,545,86,63,235,577,787
1037,620229,403,68,42,193,444,606
1038,597437,370,66,36,188,410,547
1039,642876,423,76,52,199,470,637
1040,785801,641,100,76,248,632,872
1201,498968,323,53,35,135,289,451
1202,536343,359,58,41,148,344,501
1203,504245,319,53,35,139,298,453
1204,474461,274,49,33,117,264,395
1205,497287,307,50,34,137,297,438
1206,543945,333,60,34,155,338,485
1207,523121,341,56,38,144,326,483
1208,540390,340,56,37,150,340,489
1209,641364,425,71,47,199,456,624
1210,590995,383,61,42,171,379,547
1211,622983,404,69,41,194,428,589
1212,569928,342,56,39,161,344,504
1213,624579,420,72,46,189,426,595
1214,655162,445,74,50,204,473,650
1215,652395,445,73,52,200,468,649
1216,535699,307,55,31,152,341,465
1217,578477,351,61,36,172,392,529
1218,548534,327,57,35,161,351,475
1219,584019,368,63,42,170,366,532
1220,552734,330,57,37,161,350,495
1221,545907,324,60,32,161,357,476
1222,549766,334,60,32,164,363,491
1223,609817,401,70,39,190,420,559
1224,582059,358,62,41,176,386,526
1225,521967,300,53,31,147,332,445
1226,510091,293,53,37,154,301,433
1227,517334,304,51,34,151,304,423
1228,567582,342,62,39,169,368,500
1229,557825,334,56,37,169,359,483
1230,560077,337,63,34,163,384,488
1231,496440,277,50,33,142,278,404
1232,553625,327,57,36,167,346,475
1233,491086,273,50,30,137,294,396
1234,489668,280,54,34,132,267,405
1235,515169,294,50,35,147,291,427
1236,474653,263,50,30,131,249,376
1237,492437,277,53,31,141,268,396
1401,553861,311,49,36,162,383,485
1402,501763,276,43,32,137,326,430
1403,567284,357,55,32,160,405,512
1404,578766,355,51,39,172,412,528
1405,658008,475,68,48,192,494,637
1406,593668,370,54,43,179,427,550
1407,517444,276,42,34,146,331,433
1408,612586,410,60,41,191,442,561
1409,472215,247,50,27,144,325,387
1410,504010,292,53,25,147,349,427
1411,569210,334,58,35,175,398,502
1412,509674,286,49,35,143,343,445
1413,508510,250,40,30,140,319,406
1414,570903,338,52,38,169,403,506
1415,669795,452,71,47,218,492,653
1416,462816,260,50,25,149,328,404
1417,526760,306,49,32,151,362,469
1418,672410,445,71,49,219,490,630
1419,556817,342,58,33,161,394,507
1420,513359,287,56,32,159,358,438
1421,543972,305,50,36,158,365,476
1422,563928,338,54,32,169,388,491
1423,577152,341,55,41,175,405,514
1424,489692,267,47,31,138,336,425
1425,565112,328,55,34,168,392,509
1426,650121,412,70,43,220,483,615
1427,475697,259,50,28,161,339,414
1428,691728,476,77,53,237,538,704
1429,624594,392,67,42,201,463,599
1430,519650,269,43,33,140,322,424
1431,500769,272,44,29,142,329,430
1432,692225,479,78,55,227,545,710
1433,483634,267,45,32,140,330,421
1434,319164,168,29,23,97,224,282
1435,561542,328,61,34,184,399,512
1436,376315,194,36,25,112,259,331
1437,509361,279,52,33,158,357,447
1438,583622,326,62,36,188,413,522
1439,402019,215,40,27,120,294,364
1440,640557,385,73,46,224,446,607
1441,618258,366,68,45,207,452,581
1442,351358,186,33,23,110,248,316
1443,472406,270,53,37,161,351,437
1444,502777,301,51,36,173,363,463
1445,375159,201,37,29,123,296,344
1601,551399,313,49,38,166,354,468
1602,471843,264,40,34,134,282,376
1603,526781,285,47,36,155,327,441
1604,327076,212,31,28,104,214,293
1605,559053,326,50,41,171,374,487
1606,535713,297,46,39,160,345,458
1607,571239,316,52,45,175,350,469
1608,478489,260,41,32,136,305,401
1609,333176,206,35,30,121,273,323
1610,563523,305,52,40,170,342,448
1611,487132,258,44,39,147,306,400
1612,474397,255,44,40,152,316,397
1613,468437,234,43,33,138,281,368
1614,312179,212,35,33,127,270,321
1615,370508,223,40,36,127,265,330
1616,431511,220,45,32,140,310,383
1617,388144,228,39,33,130,256,335
1618,414074,228,41,33,144,283,355
1619,482249,254,43,36,142,299,384
1620,293927,182,32,28,98,210,267
1621,164637,144,20,23,87,188,220
1622,245791,153,31,23,110,235,264
1623,231599,167,22,24,94,186,241
1624,169321,153,23,25,87,173,216
1625,279974,166,34,23,118,247,286
1626,274167,131,33,21,106,223,257
1627,254922,190,37,28,125,251,291
1628,193346,157,21,21,100,195,234
1801,400503,133,25,15,71,139,241
1802,355268,107,22,12,53,114,203
1803,67408,13,5,4,14,29,47
1804,337774,98,22,9,51,112,192
1805,232274,46,15,5,41,74,129
1806,247547,39,13,2,33,57,114
1807,453903,187,34,18,100,215,316
1808,170742,59,13,10,27,69,121
1809,363590,111,21,13,57,115,212
1810,0,0,0,0,0,0,0
1811,344955,111,22,12,57,119,214
1812,312470,110,24,11,59,113,202
1813,398581,146,26,14,76,145,246
1814,450448,190,31,17,88,189,305
1815,356059,153,26,15,65,152,243
1816,454687,193,33,19,89,200,314
1817,429053,179,29,17,84,174,286
1818,471388,236,37,22,100,223,359
1819,359427,155,26,16,71,150,247
1820,401988,203,33,25,82,202,309
1821,468120,261,40,31,107,246,377
1822,520580,322,50,36,129,320,472
2001,30512,20,3,4,8,28,34
2002,337932,140,22,12,42,107,212
2003,380554,193,29,18,53,146,273
2004,137693,71,8,6,18,52,89
2005,211348,63,14,7,24,72,131
2006,314486,153,23,16,46,139,224
2007,94676,89,12,11,26,92,121
2008,255752,154,21,19,49,132,210
2009,278597,174,25,18,52,152,242
2010,299588,173,27,25,59,156,251
2011,304983,159,24,19,59,153,244
2012,295308,191,24,24,57,153,259
2013,449350,231,35,29,96,214,348
2014,372114,185,31,22,69,164,284
2015,429611,238,35,32,83,218,353
2016,446571,252,40,34,93,224,374
2017,460386,226,36,26,95,210,348
2018,457885,285,44,35,95,258,402
2019,503435,283,41,33,110,270,417
2020,488327,291,41,39,118,264,412
2021,406290,239,38,34,86,219,349
2022,485871,287,40,33,117,270,414
2023,497947,306,43,39,118,283,432
2201,550512,332,62,40,160,324,464
2202,439112,213,44,26,114,226,342
2203,475649,259,49,32,129,251,378
2204,489542,271,52,34,135,273,388
2205,401007,185,40,24,103,198,303
2206,448603,229,46,27,112,228,326
2207,486954,261,52,32,139,272,382
2208,527844,308,62,38,152,318,458
2209,444293,232,50,27,119,239,338
2210,408656,196,39,17,107,210,295
2211,488464,269,59,37,136,278,406
2212,463277,250,57,33,125,279,381
2213,451005,242,53,31,118,274,364
2214,414340,207,45,23,113,232,312
2215,504417,289,61,35,138,322,425
2216,508124,285,54,33,143,324,411
2217,590386,375,68,45,168,427,543
2218,484729,248,46,24,143,304,371
2401,534895,299,53,35,164,354,465
2402,563613,337,62,40,199,391,524
2403,517938,295,53,28,163,337,440
2404,541962,310,56,34,172,356,464
2405,514279,294,51,31,166,338,441
2406,502398,306,53,38,180,368,473
2407,549240,312,52,33,177,353,458
2408,511406,294,53,32,162,336,436
2409,530231,286,55,33,166,346,446
2410,547218,300,54,35,185,347,448
2411,393701,225,43,26,140,284,350
2412,263315,158,35,23,93,205,257
2413,451696,226,46,33,150,289,366
2414,423888,244,46,28,144,298,382
2415,520332,293,51,36,163,335,441
2416,313201,185,37,28,121,252,295
2417,220238,168,34,22,93,193,232
2418,521358,283,51,38,168,331,428
2419,310856,187,40,26,114,249,275
2420,332903,181,37,26,114,235,286
2421,167775,173,32,26,92,200,221
2422,427806,209,45,28,125,279,342
2423,454168,258,48,33,159,316,399
2424,285690,196,36,24,103,205,267
2425,355750,199,40,25,121,239,297
2426,236797,175,38,24,95,207,239
2427,256491,184,32,20,96,206,252
2428,273195,168,30,21,98,208,247
2429,70693,92,19,14,45,94,102
2430,87172,124,20,13,53,125,141
2431,292168,173,31,20,103,209,254
2432,206905,174,34,24,88,188,231
2433,76849,101,17,14,51,94,107
2434,165508,157,27,20,71,165,189
2435,131623,137,20,16,69,149,172
2436,158431,149,24,19,78,154,184
2437,142153,159,24,22,74,149,173
2438,159268,158,24,22,77,158,187
2439,117543,146,20,24,68,130,148
2440,159753,168,24,24,79,162,186
2441,119029,143,19,23,62,135,152
2442,110056,141,19,22,62,123,141
2601,592783,336,64,45,189,428,539
2602,550181,304,59,39,188,399,494
2603,563498,320,63,39,174,397,513
2604,499989,299,58,39,167,375,465
2605,425456,243,49,30,145,333,417
2606,579481,326,62,42,181,409,523
2607,460559,270,51,36,165,355,446
2608,444337,266,43,33,137,338,427
2609,607182,373,67,48,199,454,571
2610,405850,220,42,32,142,321,378
2611,489054,256,47,33,157,346,434
2612,533367,299,57,38,158,384,488
2613,484278,282,51,39,166,360,462
2614,430216,220,44,31,150,318,392
2615,595642,338,65,43,203,426,549
2616,530707,291,55,40,180,384,489
2617,544552,313,55,36,177,366,473
2618,620839,364,71,47,206,462,588
2619,320299,179,39,30,114,275,316
2620,579919,339,59,42,191,423,525
2621,438721,225,46,34,140,324,406
2622,621894,365,66,43,219,449,578
2623,522455,259,57,40,164,359,463
2624,425792,233,43,29,132,284,370
2625,156342,128,27,25,80,204,224
2626,454693,244,52,34,164,328,426
2627,243597,213,41,34,131,288,339
2628,453080,246,44,32,142,298,383
2629,454143,239,48,33,155,318,404
2630,420203,234,42,31,145,302,381
2631,425018,229,43,30,139,298,375
2632,466012,257,49,36,155,322,421
2633,424950,232,48,29,156,310,401
2634,293206,185,35,27,112,228,279
2635,193354,153,29,19,87,181,218
2636,232411,151,30,21,100,205,247
2637,239059,167,29,18,93,193,233
2638,212957,166,30,23,101,198,238
2639,304315,179,34,21,104,220,267
2640,206178,176,30,22,101,196,238
2641,252083,185,37,24,105,204,256
2642,107695,134,24,20,75,148,169
2643,137600,153,27,23,81,161,195
2644,111834,137,24,21,73,149,165
2645,132207,140,29,21,75,158,188
2646,121940,142,26,22,75,152,188
2801,350670,224,41,35,120,246,316
2802,240657,171,29,26,90,186,239
2803,115590,117,19,19,70,132,164
2804,210149,184,27,34,102,195,251
2805,141498,144,23,25,85,155,193
2806,299358,211,38,35,114,240,293
2807,186549,168,30,30,104,187,227
2808,196432,178,25,27,101,208,247
2809,226639,178,29,35,100,217,244
2810,227769,189,33,26,108,231,277
2811,175808,152,30,27,93,175,213
2812,180612,179,27,29,105,209,232
2813,154022,133,26,26,86,140,177
2814,151190,136,25,25,83,145,182
2815,206109,182,29,29,117,210,249
2816,156958,131,28,23,80,155,183
2817,176600,144,26,25,88,185,204
2818,141805,142,19,25,91,143,185
2819,133309,115,24,24,77,124,161
2820,143988,122,26,22,84,140,169
2821,176084,158,30,30,108,154,199
2822,204787,175,29,28,110,195,235
2823,247717,176,33,31,107,196,252
2824,157049,142,28,25,92,132,185
2825,113284,84,20,21,80,100,136
3001,266511,188,26,24,76,191,251
3002,221969,175,21,29,69,185,227
3003,169534,160,21,25,75,177,212
3004,258770,207,29,34,84,201,245
3005,154338,163,21,28,72,176,201
3006,379097,195,33,29,102,213,299
3007,296222,202,30,29,77,207,254
3008,264868,146,23,22,48,118,174
3009,310557,175,29,27,84,191,262
3010,158750,165,21,26,60,161,190
3011,140986,140,18,24,56,153,174
3012,292183,187,28,26,94,181,265
3013,448840,226,40,32,124,260,346
3014,394949,202,38,29,115,228,310
3015,127874,151,21,26,56,144,169
3016,313215,192,34,29,96,220,279
3017,138844,141,15,27,53,143,166
3018,82063,96,14,18,33,70,99
3019,308977,194,34,30,101,227,277
3020,431586,217,40,29,105,215,302
3021,213313,159,24,25,83,161,218
3022,154117,148,20,30,65,149,179
3023,166360,151,23,27,81,158,190
3024,132486,128,21,21,51,100,134
3025,178017,159,21,29,78,160,204
3026,314483,211,38,34,114,233,290
3027,140564,159,28,25,70,148,174
3028,137349,137,20,28,72,140,169
3029,97078,109,16,19,40,90,118
3030,165723,142,25,28,81,174,195
3031,115960,113,19,24,62,123,142
3032,211181,164,26,24,73,134,174
3033,83234,93,13,18,49,70,102
3034,295984,174,33,26,83,159,208
3201,556175,332,58,33,161,375,486
3202,553573,315,57,32,157,367,475
3203,632499,396,67,43,184,456,564
3204,442324,244,45,22,129,275,362
3205,429905,222,45,22,122,265,346
3206,515848,299,54,30,141,325,417
3207,557383,331,61,38,162,375,472
3208,508419,295,60,35,156,343,444
3209,463207,265,47,24,125,270,362
3210,495983,274,51,28,143,296,388
3211,330744,166,34,15,83,167,243
3212,451761,231,46,23,127,250,336
3213,362299,181,35,19,83,177,251
3214,189225,133,25,16,63,115,160
3215,287502,138,31,16,77,139,198
3216,284770,128,26,13,70,114,184
3217,238265,123,26,13,70,100,163
3218,153918,113,24,14,63,101,136
3219,226155,117,26,15,61,82,145
3220,90881,107,19,13,49,58,93
3221,163164,120,25,13,57,76,125
3222,59607,98,12,10,29,58,74
3401,181620,135,30,25,93,172,193
3402,166955,129,27,25,95,142,178
3403,161599,132,29,24,95,136,179
3404,158180,119,23,24,89,129,166
3405,119627,87,19,22,84,101,137
3406,133173,79,23,23,83,110,138
3407,112363,80,19,21,78,98,127
3408,119858,82,19,21,77,99,138
3409,131265,89,24,27,78,120,148
3410,128358,83,21,24,82,108,141
3411,97625,61,16,17,72,76,105
3412,119810,86,21,24,73,117,136
3413,132356,84,21,20,85,109,144
3414,123563,75,21,17,82,103,131
3415,102808,78,19,21,60,92,103
3416,108838,60,18,15,74,79,113
3417,123446,98,21,21,77,107,137
3418,124182,78,22,17,83,105,138
3419,119312,71,22,16,85,93,123
3420,88972,50,15,13,45,64,81
3421,137800,98,20,17,94,112,147
3422,171651,126,25,25,115,147,180
3423,180024,138,24,24,121,147,187
3601,123162,116,23,23,71,124,148
3602,165011,144,27,28,87,170,194
3603,116967,110,20,25,65,104,134
3604,130857,113,24,25,71,137,157
3605,143675,128,23,28,75,145,168
3606,130407,112,24,27,71,124,156
3607,122075,115,18,21,58,95,127
3608,133753,125,23,22,68,117,145
3609,134921,107,25,22,74,134,157
3610,118172,76,21,24,67,106,127
3611,120161,110,20,18,54,99,119
3612,114605,106,18,19,57,100,124
3613,131639,121,23,21,67,114,139
3614,133510,126,23,22,67,118,146
3615,103436,91,14,15,48,83,96
3616,113866,71,20,26,65,105,121
3617,128768,111,22,20,67,108,139
3618,121877,101,22,21,69,104,130
3619,114394,100,19,17,59,94,115
3620,133406,122,23,24,72,110,138
3621,119071,101,22,23,69,105,125
3622,118468,98,23,22,73,104,131
3623,113127,87,20,23,64,110,132
3624,113225,84,21,22,67,104,118
3625,121748,104,22,24,70,105,120
3626,97276,66,19,20,57,80,88
4001,23739,40,3,3,13,25,34
4002,46105,73,6,8,18,41,69
4003,25662,33,4,4,14,26,30
4004,30534,43,4,4,14,28,37
4005,5381,7,1,2,3,10,5
4006,20113,25,2,3,13,21,17
4007,55349,72,15,8,24,46,82
4008,31174,34,8,3,16,25,41
4009,58192,82,16,9,25,49,84
4010,65760,112,8,12,17,64,111
4011,67095,118,6,10,19,70,115
4012,81947,124,8,11,23,79,125
4013,63705,111,8,9,19,67,108
4014,53573,93,6,9,15,54,86
4015,67391,114,7,11,19,73,112
4016,53390,92,6,6,14,58,94
4017,57330,97,6,9,18,62,97
4018,83373,131,16,14,23,77,131
4019,66593,118,9,10,19,67,108
4020,81314,128,16,14,21,74,130
4021,112114,153,17,18,29,91,166
4022,72701,127,10,14,20,76,117
4023,44885,78,5,6,14,49,74
4024,90723,136,16,16,25,82,140
4025,225514,181,24,21,42,121,205
4026,120544,167,22,22,38,106,180
4027,44973,63,9,6,18,36,67
4028,108613,150,20,19,40,97,158
4029,99135,142,16,17,29,85,155
4030,107448,148,19,17,37,89,156
4031,98280,138,19,17,34,85,142
4032,95212,146,21,19,33,93,156
4033,84071,121,17,13,31,69,124
4034,109357,154,20,21,46,96,163
4035,103022,153,22,22,37,99,160
4036,87988,121,19,15,33,76,123
4037,27450,46,2,2,5,22,53
4038,55281,90,5,8,15,53,93
4039,37677,63,3,5,8,34,71
4040,60998,81,4,5,12,49,94
4041,73524,105,14,11,29,60,111
4042,29063,49,3,2,6,24,55
4043,49309,81,5,6,13,43,80
4044,58849,79,14,9,22,46,89
4045,73672,110,13,12,25,67,109
4046,10445,16,1,3,6,8,9
4047,4224,8,0,1,3,3,4
4048,12928,20,1,3,6,11,13
4049,20472,41,4,3,6,23,34
4050,19737,28,2,5,10,22,22
4051,10101,15,0,3,5,8,9
4052,8580,15,0,2,5,6,8
4201,78986,117,8,11,20,66,119
4202,218634,170,23,18,35,104,195
4203,69417,111,8,13,19,67,113
4204,426089,250,38,28,94,201,344
4205,393257,253,41,31,76,184,325
4206,190879,198,28,26,55,134,226
4207,414398,235,45,35,97,200,326
4208,168529,162,29,26,56,110,186
4209,53373,68,5,11,15,54,82
4210,222891,143,17,18,35,95,181
4211,377532,203,33,24,68,148,290
4212,69704,108,11,15,27,80,122
4213,285010,154,17,15,45,106,203
4214,260812,159,18,17,41,100,198
4215,290398,165,18,17,41,109,205
4216,294157,167,20,21,44,117,213
4217,60866,98,6,11,14,52,96
4218,85780,116,7,14,22,69,120
4219,64531,110,11,14,21,70,114
4220,80284,102,7,12,25,65,115
4221,82431,128,14,21,30,91,137
4222,69478,112,12,15,22,71,114
4223,54853,89,10,12,16,57,90
4224,105001,165,19,24,38,113,173
4225,66750,95,17,16,27,68,108
4226,114610,163,20,24,43,116,182
4227,76524,112,17,20,29,83,129
4228,80210,108,16,19,29,80,130
4229,130020,124,21,20,45,100,154
4230,319194,184,34,25,60,151,241
4231,126233,150,13,16,35,99,164
4232,100992,131,12,12,26,85,139
4233,309748,172,19,16,45,114,221
4234,291632,161,20,15,39,102,208
4235,223267,146,26,23,51,108,181
4236,79548,111,21,23,41,76,126
4237,304108,171,31,26,61,125,224
4238,94241,136,24,25,43,96,152
4239,96970,134,22,23,41,94,158
4240,76647,103,19,19,36,69,117
4241,73367,85,18,19,33,64,96
4242,67481,91,16,19,31,66,107
4243,69016,93,18,16,31,60,99
4244,68845,95,17,18,30,60,103
4245,62921,90,16,18,27,56,100
4246,125277,124,26,20,39,98,153
4247,109189,128,24,22,46,87,150
4248,85106,98,19,12,36,68,113
4249,309570,173,31,26,63,126,224
4250,301932,162,27,22,60,124,216
4251,99506,125,21,26,45,91,150
4252,2763,4,0,0,0,0,3
4253,135711,69,8,6,20,65,106
4254,61360,95,6,11,17,50,90
4255,44020,34,2,2,5,20,37
4256,68784,88,6,9,14,62,95
4257,70220,101,7,9,18,57,98
4258,97996,101,10,9,25,69,107
4259,75026,94,8,11,21,60,103
4401,319923,226,39,28,65,177,286
4402,128634,184,27,26,50,132,206
4403,317990,231,43,31,68,184,292
4404,254272,205,40,32,77,192,266
4405,123862,183,25,27,51,128,206
4406,152141,192,23,27,50,131,213
4407,95033,144,17,25,40,106,167
4408,395763,223,34,27,72,182,315
4409,126181,97,11,13,29,69,126
4410,231354,147,28,23,41,108,192
4411,262300,168,27,24,58,128,218
4412,376852,236,32,29,72,187,314
4413,330201,250,35,32,72,214,321
4414,183578,206,25,28,54,170,244
4415,464293,275,48,37,114,244,402
4416,67330,82,5,10,19,54,91
4417,319915,196,23,23,50,125,237
4418,416350,268,39,32,86,203,355
4419,397833,242,45,33,95,210,338
4420,456559,290,49,36,105,255,400
4421,334170,219,39,30,80,199,303
4422,248155,190,33,32,70,177,245
4423,447389,261,49,34,109,241,381
4424,646331,428,76,52,197,429,596
4425,406454,238,36,28,83,186,331
4426,302540,257,37,33,69,188,302
4427,455209,284,40,31,95,215,379
4428,416258,229,49,31,92,201,326
4429,352622,193,36,26,70,144,265
4430,252419,187,32,25,57,136,232
4431,98341,142,29,26,42,122,173
4432,157340,163,28,28,57,145,209
4433,440481,257,44,36,100,236,373
4434,88619,122,25,24,41,96,162
4435,502263,309,57,40,128,285,447
4436,174082,154,32,29,56,137,205
4437,472742,271,49,39,123,257,401
4438,120829,132,25,25,39,109,163
4439,461279,272,46,37,112,248,399
4440,442682,248,49,36,110,232,376
4441,180972,139,29,24,50,125,187
4442,476358,269,48,36,120,250,397
4443,503142,298,53,41,129,269,425
4444,404216,221,42,36,99,207,335
4445,457552,253,49,40,113,241,372
4446,380270,195,39,34,88,191,298
4447,453974,258,48,34,107,242,376
4448,518887,308,56,44,136,275,431
4449,124830,120,23,21,39,103,151
4450,525859,314,57,48,143,285,438
4451,416907,212,43,39,101,214,331
4452,174232,118,25,23,46,113,163
4453,585668,362,65,50,163,348,505
4454,612476,399,69,52,172,364,538
4455,441049,227,46,34,107,232,354
4456,574418,353,66,49,167,343,494
4457,438095,230,44,34,104,230,353
4458,333854,154,31,24,78,159,251
4459,608700,388,69,50,174,370,539
4460,490424,283,48,39,129,263,408
4461,488944,266,49,36,121,249,394
4462,444427,277,48,33,94,253,399
4463,304150,196,33,29,69,178,280
4464,222685,211,35,28,72,169,254
4465,456709,272,51,36,113,250,394
4466,286428,187,34,23,64,164,258
4467,445969,264,50,37,107,243,383
4601,0,0,0,0,0,0,0
4602,0,0,0,0,0,0,0
4603,9459,18,2,2,5,6,10
4604,0,0,0,0,0,0,0
4605,0,0,0,0,0,0,0
4606,0,0,0,0,0,0,0
4607,7590,10,2,1,3,0,6
4608,8635,15,2,2,5,5,7
4609,10434,9,1,1,10,5,6
4610,15467,13,2,3,14,11,16
4611,0,0,0,0,0,0,0
4612,0,0,0,0,0,0,0
4613,7199,9,0,2,5,5,5
4614,0,0,0,0,0,0,0
4615,7591,12,0,2,5,6,6
4616,12923,19,3,1,13,4,11
4617,13874,21,3,1,13,6,13
4618,18239,28,3,2,15,11,17
4619,17837,22,3,3,16,11,18
4620,16654,23,4,2,11,10,16
4621,3371,1,0,1,1,0,1
4622,572,2,0,0,1,1,2
4623,572,2,0,0,1,1,2
4624,23842,26,2,4,9,20,22
4801,0,0,0,0,0,0,0
4802,0,0,0,0,0,0,0
4803,9404,7,2,1,3,3,6
4804,27048,32,7,5,11,28,25
4805,123131,165,28,27,51,116,180
4806,128608,158,29,24,62,118,176
4807,118099,159,28,26,57,111,172
4808,104096,141,28,24,53,105,157
4809,88243,123,24,20,40,92,136
4810,40135,54,11,7,21,34,57
4811,23547,30,4,5,13,23,23
4812,40159,54,13,5,21,26,60
4813,20983,25,3,5,17,20,23
4814,65205,90,20,14,38,59,94
4815,5199,3,1,0,9,2,2
4816,43024,45,12,11,22,31,45
4817,53287,60,17,12,30,42,63
4818,32196,29,10,7,20,16,28
4819,80060,122,20,15,26,73,128
4820,67055,93,15,10,22,58,93
4821,65279,89,18,19,31,57,97
4822,79368,122,19,16,32,75,134
4823,202774,175,30,25,55,125,202
4824,228626,170,31,24,56,126,201
4825,113547,161,24,24,51,111,176
4826,85932,124,25,21,41,90,142
4827,59634,88,16,12,25,56,100
4828,94191,119,24,17,44,90,144
4829,139461,140,27,23,57,107,165
4830,41644,53,15,8,18,39,68
4831,54228,62,17,9,25,56,75
4832,18720,16,8,1,8,16,21
4833,55941,72,15,8,21,56,78
5001,31321,54,10,8,17,44,53
5002,55383,66,14,9,26,59,72
5003,124622,97,17,17,37,97,126
5004,134835,101,22,16,48,107,132
5005,378853,177,35,27,86,182,286
5006,368198,176,34,27,83,183,285
5007,200223,126,28,20,57,128,173
5008,279426,167,31,28,85,172,240
5009,530626,297,54,39,139,274,425
5010,89273,87,19,13,35,82,104
5011,237696,154,33,28,76,164,215
5012,103362,120,22,18,50,104,148
5013,286083,177,36,30,72,175,246
5014,448049,219,46,26,100,219,344
5015,515616,269,53,32,122,258,396
5016,246208,161,35,27,73,161,225
5017,517460,272,53,33,122,259,399
5018,862,2,0,0,1,2,4
5019,267149,163,35,23,62,162,236
5020,162357,115,23,18,44,110,165
5021,155262,124,23,22,50,116,176
5022,280751,156,33,24,64,168,237
5023,16679,21,3,5,11,18,23
5024,43233,53,10,9,17,38,56
5025,17764,16,5,3,7,16,19
5026,26904,23,9,3,13,21,22
5027,67690,92,18,14,28,66,97
5028,42089,64,12,9,16,51,65
5029,51347,63,14,10,22,48,61
5030,0,0,0,0,0,0,0
5031,57542,78,19,11,25,60,78
5032,47344,52,13,7,21,40,50
5033,53760,72,20,9,23,56,70
5034,46985,55,14,7,21,43,52
5035,19940,23,3,2,7,22,17
5036,46700,50,13,7,20,39,46
5037,50882,59,13,7,22,45,55
5038,31344,38,9,5,13,31,32
5039,39461,44,13,7,17,36,39
5040,22179,23,7,3,9,23,18
5041,0,0,0,0,0,0,0
5042,0,0,0,0,0,0,0
5043,0,0,0,0,0,0,0
5044,17660,13,4,2,13,10,32
5045,0,0,0,0,0,0,0
5046,53259,48,12,7,22,28,78
5047,319690,178,37,25,73,172,247
5048,34404,18,4,4,14,24,45
5049,63982,52,10,10,24,42,87
5050,332324,209,40,26,78,183,262
5051,61116,34,9,6,29,41,61
5052,208246,169,32,18,60,131,198
5053,117963,77,16,11,34,70,116
5054,110219,82,14,12,32,75,113
5055,244184,181,35,19,61,140,211
5056,292892,125,26,15,41,118,194
5057,184657,158,30,18,52,109,179
5058,133560,86,12,14,33,78,117
5059,395010,146,27,20,60,143,219
5060,189646,91,18,13,35,80,131
5061,60507,47,9,8,25,41,81
6001,0,0,0,0,0,0,0
6002,0,0,0,0,0,0,0
6003,0,0,0,0,0,0,0
6004,0,0,0,0,0,0,0
6005,0,0,0,0,0,0,0
6006,0,0,0,0,0,0,0
6007,0,0,0,0,0,0,0
6008,0,0,0,0,0,0,0
6009,0,0,0,0,0,0,0
6010,0,0,0,0,0,0,0
6011,0,0,0,0,0,0,0
6012,0,0,0,0,0,0,0
6013,0,0,0,0,0,0,0
6014,0,0,0,0,0,0,0
6015,0,0,0,0,0,0,0
6016,0,0,0,0,0,0,0
6201,0,0,0,0,0,0,0
6202,0,0,0,0,0,0,0
6203,0,0,0,0,0,0,0
6204,0,0,0,0,0,0,0
6205,0,0,0,0,0,0,0
6206,0,0,0,0,0,0,0
6207,0,0,0,0,0,0,0
6208,0,0,0,0,0,0,0
6209,0,0,0,0,0,0,0
6210,0,0,0,0,0,0,0
6211,0,0,0,0,0,0,0
6212,0,0,0,0,0,0,0
6213,0,0,0,0,0,0,0
6214,0,0,0,0,0,0,0
6215,0,0,0,0,0,0,0
6216,0,0,0,0,0,0,0
6217,0,0,0,0,0,0,0
6218,0,0,0,0,0,0,0
6219,0,0,0,0,0,0,0
6220,0,0,0,0,0,0,0
6221,0,0,0,0,0,0,0
6222,0,0,0,0,0,0,0
6223,0,0,0,0,0,0,0
6224,0,0,0,0,0,0,0
6401,0,0,0,0,0,0,0
6402,0,0,0,0,0,0,0
6403,0,0,0,0,0,0,0
6404,0,0,0,0,0,0,0
6405,0,0,0,0,0,0,0
6406,0,0,0,0,0,0,0
6407,0,0,0,0,0,0,0
6408,0,0,0,0,0,0,0
6409,0,0,0,0,0,0,0
6410,0,0,0,0,0,0,0
6411,0,0,0,0,0,0,0
6412,0,0,0,0,0,0,0
6413,0,0,0,0,0,0,0
6414,0,0,0,0,0,0,0
6415,0,0,0,0,0,0,0
6416,0,0,0,0,0,0,0
6417,0,0,0,0,0,0,0
6418,0,0,0,0,0,0,0
6419,0,0,0,0,0,0,0
6420,0,0,0,0,0,0,0
6421,0,0,0,0,0,0,0
6601,0,0,0,0,0,0,0
6602,0,0,0,0,0,0,0
6603,0,0,0,0,0,0,0
6604,0,0,0,0,0,0,0
6605,0,0,0,0,0,0,0
6606,0,0,0,0,0,0,0
6607,0,0,0,0,0,0,0
6608,0,0,0,0,0,0,0
6609,0,0,0,0,0,0,0
6610,0,0,0,0,0,0,0
6611,0,0,0,0,0,0,0
6612,0,0,0,0,0,0,0
6613,0,0,0,0,0,0,0
6614,0,0,0,0,0,0,0
6615,0,0,0,0,0,0,0
6616,0,0,0,0,0,0,0
6617,0,0,0,0,0,0,0
6618,0,0,0,0,0,0,0
6619,0,0,0,0,0,0,0
6620,0,0,0,0,0,0,0
6621,0,0,0,0,0,0,0
6622,0,0,0,0,0,0,0
6623,0,0,0,0,0,0,0
6624,0,0,0,0,0,0,0
6625,0,0,0,0,0,0,0
6626,0,0,0,0,0,0,0
6627,0,0,0,0,0,0,0
6801,0,0,0,0,0,0,0
6802,0,0,0,0,0,0,0
6803,0,0,0,0,0,0,0
6804,0,0,0,0,0,0,0
6805,0,0,0,0,0,0,0
6806,0,0,0,0,0,0,0
6807,0,0,0,0,0,0,0
6808,12360,20,1,1,2,20,19
6809,0,0,0,0,0,0,0
6810,0,0,0,0,0,0,0
6811,0,0,0,0,0,0,0
6812,0,0,0,0,0,0,0
6813,0,0,0,0,0,0,0
6814,0,0,0,0,0,0,0
6815,0,0,0,0,0,0,0
7001,0,0,0,0,0,0,0
7002,0,0,0,0,0,0,0
7003,0,0,0,0,0,0,0
7004,0,0,0,0,0,0,0
7005,0,0,0,0,0,0,0
7006,0,0,0,0,0,0,0
7007,0,0,0,0,0,0,0
7008,0,0,0,0,0,0,0
7009,24070,27,2,4,8,19,21
7010,16988,16,2,2,7,10,13
7011,13363,11,3,2,3,4,10
7012,0,0,0,0,0,0,0
7013,9743,7,1,1,1,4,5
7014,0,0,0,0,0,0,0
7015,0,0,0,0,0,0,0
7016,15233,16,2,2,5,12,14
7017,47197,21,2,3,5,16,22
7018,0,0,0,0,0,0,0
7019,7903,9,1,1,2,4,8
7020,44466,31,4,5,11,19,29
7021,48212,34,5,5,12,18,31
7022,38301,28,4,5,11,16,26
7023,50208,36,5,5,13,22,34
7024,53794,38,6,5,14,24,36
7025,44390,31,4,4,11,21,30
7026,48120,34,5,4,14,22,34
7027,37481,23,4,3,10,18,23
7028,31756,15,4,2,8,15,18
7029,19214,16,3,3,4,10,15
7030,16610,15,1,4,5,7,13
7031,17470,15,3,3,3,8,14
7032,39228,30,4,5,8,18,27
7033,44351,34,6,5,11,22,32
7034,22322,21,3,3,8,12,18
7035,42854,33,4,5,8,22,30
7036,0,0,0,0,0,0,0
7037,17778,13,1,1,2,9,12
7038,0,0,0,0,0,0,0
7039,20318,21,2,2,5,13,18
7040,0,0,0,0,0,0,0
7041,34551,22,2,3,4,13,21
7042,31748,25,5,4,16,34,39
7043,18417,20,1,2,3,23,25
7044,19963,23,1,2,3,20,23
7045,23427,19,2,1,6,28,25
7046,55022,28,3,4,10,22,28
7047,49383,35,7,5,22,42,49
7048,117207,85,14,10,30,72,81
7049,0,0,0,0,0,0,0
7050,59129,49,10,6,14,38,35
7051,47105,43,8,6,8,27,27
7052,26588,28,6,3,5,19,16
7053,36319,34,7,4,5,23,23
7054,16333,9,2,0,6,9,10
7055,10085,6,1,0,4,6,7
7056,0,0,0,0,0,0,0
7057,0,0,0,0,0,0,0
7058,16988,16,2,2,7,10,13
7059,20189,22,2,3,8,16,18
7201,17890,14,0,3,4,16,19
7202,1861,3,0,0,0,3,4
7203,0,0,0,0,0,0,0
7204,0,0,0,0,0,0,0
7205,0,0,0,0,0,0,0
7206,0,0,0,0,0,0,0
7207,0,0,0,0,0,0,0
7208,0,0,0,0,0,0,0
7209,0,0,0,0,0,0,0
7210,0,0,0,0,0,0,0
7211,0,0,0,0,0,0,0
7212,22900,21,6,2,4,16,13
7213,0,0,0,0,0,0,0
7214,0,0,0,0,0,0,0
7215,0,0,0,0,0,0,0
7216,0,0,0,0,0,0,0
7217,0,0,0,0,0,0,0
7218,0,0,0,0,0,0,0
7219,21279,19,4,1,4,15,11
7220,0,0,0,0,0,0,0
7221,22900,21,6,2,4,16,13
7222,24496,25,6,2,4,17,15
7223,0,0,0,0,0,0,0
7224,26588,28,6,3,5,19,17
7225,22900,21,6,2,4,16,13
7226,33955,33,6,5,5,22,19
7227,0,0,0,0,0,0,0
7228,0,0,0,0,0,0,0
7229,0,0,0,0,0,0,0
7230,0,0,0,0,0,0,0
7231,0,0,0,0,0,0,0
7232,0,0,0,0,0,0,0
7233,0,0,0,0,0,0,0
7234,0,0,0,0,0,0,0
7235,0,0,0,0,0,0,1
7236,2443,3,0,0,1,4,8
7237,71491,40,6,6,18,39,53
7238,0,0,0,0,0,0,0
7239,0,0,0,0,0,0,0
7240,0,0,0,0,0,0,0
7241,0,0,0,0,0,0,0
7401,9242,10,0,1,2,14,11
7402,21974,21,0,3,6,30,25
7403,0,0,0,0,0,0,0
7404,2989,2,0,1,1,2,8
7405,10068,12,0,2,3,17,13
7406,0,0,0,0,0,0,0
7407,3739,5,0,0,2,9,7
7408,5410,8,0,1,3,8,12
7409,8066,8,0,1,1,15,10
7410,19893,23,1,3,4,23,22
7411,5345,8,0,0,1,13,8
7412,1370,3,0,0,0,7,4
7413,32057,29,2,3,5,25,26
7414,0,0,0,0,0,0,0
7415,0,0,0,0,0,0,0
7416,0,0,0,0,0,0,0
7417,0,0,0,0,0,0,0
7418,0,0,0,0,0,0,0
7419,0,0,0,0,0,0,1
7420,0,0,0,0,0,0,0
7421,0,0,0,0,0,0,0
7422,162,1,1,0,0,0,2
7423,0,0,0,0,0,0,0
7424,1568,4,0,0,0,7,6
7425,1370,3,0,0,0,7,3
7426,0,0,0,0,0,0,0
7427,0,0,0,0,0,0,0
7428,1370,3,0,0,0,7,3
7429,0,0,0,0,0,0,0
7430,5261,9,0,0,1,13,8
7431,0,0,0,0,0,0,0
7432,0,0,0,0,0,0,0
7433,0,0,0,0,0,0,0
7434,0,0,0,0,0,0,0
7435,0,0,0,0,0,0,0
7436,0,0,0,0,0,0,0
7437,0,0,0,0,0,0,0
7438,0,0,0,0,0,0,0
7439,0,0,0,0,0,0,0
7440,0,0,0,0,0,0,0
7601,0,0,0,0,0,0,0
7602,0,0,0,0,0,0,0
7603,0,0,0,0,0,0,0
7604,0,0,0,0,0,0,0
7605,0,0,0,0,0,0,0
7606,0,0,0,0,0,0,0
7607,0,0,0,0,0,0,0
7608,0,0,0,0,0,0,0
7609,0,0,0,0,0,0,0
7610,0,0,0,0,0,0,0
7611,0,0,0,0,0,0,0
7801,0,0,0,0,0,0,0
7802,0,0,0,0,0,0,0
7803,0,0,0,0,0,0,0
7804,0,0,0,0,0,0,0
7805,0,0,0,0,0,0,0
7806,100948,53,8,9,17,40,49
7807,114745,59,9,9,22,53,59
7808,73087,46,8,6,12,34,35
7809,40473,35,6,4,8,23,22
7810,12554,13,2,0,2,8,7
7811,34051,28,6,4,8,22,20
7812,10267,5,0,0,0,1,4
7813,10267,5,0,0,0,1,4
7814,0,0,0,0,0,0,0
7815,7003,4,0,0,0,1,3
7816,0,0,0,0,0,0,0
7817,0,0,0,0,0,0,0
7818,114708,58,9,11,24,59,72
7819,181699,104,15,17,43,100,118
7820,21639,24,2,3,8,18,18
7821,0,0,0,0,0,0,0
7822,21227,22,2,3,8,18,16
7823,0,0,0,0,0,0,0
7824,0,0,0,0,0,0,0
7825,0,0,0,0,0,0,0
7826,95074,36,6,7,19,37,44
7827,5719,2,1,1,2,3,7
7828,138418,69,10,10,26,60,75
7829,151316,79,11,11,29,71,85
8001,0,0,0,0,0,0,0
8002,0,0,0,0,0,0,0
8003,8319,4,1,1,5,8,10
8004,21390,8,1,3,9,16,27
8005,105908,48,8,9,24,56,72
8006,129749,76,10,13,31,73,106
8007,120053,68,10,10,30,65,98
8008,96745,57,10,9,29,61,87
8009,185311,115,16,13,43,99,125
8010,146434,81,12,13,36,78,99
8011,138559,89,13,14,32,81,118
8012,52983,20,5,4,14,23,41
8013,129916,70,15,11,32,73,106
8014,111164,57,9,11,28,61,83
8015,72400,37,2,4,11,19,26
8016,76744,41,2,4,11,22,34
8017,12866,6,1,3,5,7,19
8018,12925,5,0,0,0,2,6
8019,96290,40,7,8,23,34,52
8020,69130,22,8,8,18,25,51
8021,83797,49,2,7,11,24,38
8022,43910,15,0,3,5,10,11
8023,71431,35,1,4,10,19,25
8024,76744,41,2,4,11,22,34
8025,0,0,0,0,0,0,0
8026,107181,71,5,7,18,36,65
8027,28285,12,0,3,1,4,7
8028,53452,29,2,3,9,14,23
8201,0,0,0,0,0,0,0
8202,10985,20,2,2,3,9,12
8203,17189,35,4,7,9,15,25
8204,12093,24,2,5,5,11,16
8205,11566,22,2,5,5,11,14
8206,18919,28,3,2,8,9,19
8207,59248,61,4,6,9,18,36
8208,65266,68,5,8,12,24,41
8209,27905,43,4,7,11,16,29
8210,48945,60,3,6,8,15,34
8211,42105,57,3,7,10,17,34
8212,75535,63,5,7,14,23,43
8213,0,0,0,0,0,0,0
8214,71293,63,5,8,14,23,43
8215,61118,54,5,6,11,20,36
8216,11336,21,2,2,6,7,15
8217,0,0,0,0,0,0,0
8218,58218,49,4,5,9,20,34
8219,28191,44,4,8,11,17,30
8401,0,0,0,0,0,0,0
8402,0,0,0,0,0,0,0
8403,0,0,0,0,0,0,0
8404,0,0,0,0,0,0,0
8405,0,0,0,0,0,0,0
8406,0,0,0,0,0,0,0
8407,0,0,0,0,0,0,0
8408,0,0,0,0,0,0,0
8409,0,0,0,0,0,0,0
8410,0,0,0,0,0,0,0
8411,0,0,0,0,0,0,0
8412,0,0,0,0,0,0,0
8413,22648,42,4,8,10,23,31
8414,0,0,0,0,0,0,0
8415,0,0,0,0,0,0,0
8416,1414,4,0,0,1,2,3
8417,0,0,0,0,0,0,0
8418,0,0,0,0,0,0,0
8419,0,0,0,0,0,0,0
8420,0,0,0,0,0,0,0
8421,5091,11,0,0,2,5,10
8422,2813,4,0,0,1,1,3
8423,4609,10,0,0,1,4,8
8424,5185,11,0,0,1,4,9
8425,0,0,0,0,0,0,0
8426,4307,8,0,0,1,3,7
8427,10905,20,1,0,7,8,16
8428,0,0,0,0,0,0,0
8429,0,0,0,0,0,0,0
8430,22648,42,4,8,10,23,31
8431,0,0,0,0,0,0,0
8432,0,0,0,0,0,0,0
8433,0,0,0,0,0,0,0
8434,0,0,0,0,0,0,0
8435,0,0,0,0,0,0,0
8436,0,0,0,0,0,0,0
8437,0,0,0,0,0,0,0
8438,0,0,0,0,0,0,0
8439,0,0,0,0,0,0,0
8440,0,0,0,0,0,0,0
10001,235172,115,29,21,67,137,198
10002,287754,122,35,20,75,144,219
10003,223225,100,28,16,56,115,175
10004,476501,209,50,28,123,247,354
10005,439701,234,55,33,121,254,366
10006,322332,137,34,21,72,149,232
10007,236810,125,31,24,73,141,210
10008,441316,231,53,30,113,264,354
10009,254872,110,27,18,65,131,200
10010,495930,282,59,32,136,313,409
10011,382922,149,42,21,93,196,261
10012,158228,127,28,21,63,131,182
10013,354285,168,37,25,90,185,270
10014,472258,241,55,27,125,279,356
10015,219191,124,29,20,64,131,193
10016,125662,87,21,14,49,100,126
10017,229519,87,23,13,50,104,148
10018,87801,68,18,13,45,85,114
10019,236349,136,30,20,61,134,200
10020,440892,221,43,27,96,209,322
10021,418042,190,42,25,84,187,299
10022,221301,102,24,16,51,119,158
10023,365443,155,36,18,73,160,258
10024,62155,53,15,8,21,57,86
10025,68648,38,14,12,33,62,79
10026,26218,17,5,5,12,16,35
10027,237574,92,24,12,44,97,168
10028,375533,176,38,19,67,161,263
10029,96345,61,10,11,36,73,86
10030,42278,22,5,7,26,45,43
10031,42313,30,8,8,18,27,69
10032,2070,4,0,1,0,5,5
10033,126148,101,18,10,37,61,128
10034,5461,6,0,1,1,8,7
10035,162506,140,25,14,46,93,156
10036,33543,30,4,3,14,14,43
10037,13588,4,0,0,0,1,4
10038,470863,205,47,26,124,242,351
10039,360878,147,35,23,86,179,253
10201,198722,159,22,20,48,86,149
10202,208971,185,28,24,49,104,170
10203,152362,123,13,15,37,54,112
10204,141564,102,17,10,35,50,117
10205,169633,129,20,15,38,70,139
10206,54711,29,3,3,9,15,29
10207,95172,77,9,6,19,30,87
10208,225346,191,30,26,63,126,192
10209,138478,91,13,10,31,43,102
10210,108972,83,11,9,27,34,98
10211,117667,79,5,8,24,39,68
10212,155682,122,13,12,32,59,112
10213,115836,76,7,7,18,40,68
10214,140138,108,10,9,25,52,91
10215,158659,121,14,12,36,60,112
10216,77403,63,4,7,15,21,68
10217,94374,68,4,8,17,22,73
10218,156711,119,18,13,39,65,121
10219,131402,106,9,10,25,48,84
10220,144198,117,10,11,29,53,97
10221,122836,79,9,8,23,33,78
10222,109607,83,7,8,14,37,63
10223,121074,93,8,8,26,43,78
10224,58388,44,4,5,11,18,29
10225,102704,72,6,7,17,30,54
10226,65305,53,6,4,11,20,50
10227,73982,53,6,6,12,26,38
10228,68845,72,2,7,13,26,63
10401,57968,72,6,8,23,25,55
10402,93432,109,9,12,37,54,91
10403,33685,44,4,7,18,21,29
10404,37515,48,4,9,21,24,33
10405,20711,26,1,5,17,10,18
10406,20133,29,2,5,16,12,19
10407,21039,21,2,3,1,9,10
10408,101074,86,9,9,18,32,60
10409,57839,46,5,3,7,19,31
10410,118166,107,11,13,23,44,75
10411,92493,83,8,8,14,35,55
10412,56181,37,6,4,7,18,26
10413,43441,58,6,5,11,25,47
10414,30523,42,4,4,2,23,35
10415,40500,50,5,4,10,22,42
10416,25940,42,4,3,2,21,33
10417,51563,65,6,8,14,33,57
10418,16958,26,2,3,2,13,20
10419,27865,36,4,4,2,20,30
10420,31066,37,4,4,3,21,33
10421,131170,130,13,16,35,56,110
10422,222289,205,25,24,57,113,187
10423,110228,112,8,14,33,55,97
10424,185065,166,18,20,51,85,148
10425,114950,127,12,15,31,59,106
10426,145992,158,14,17,44,71,133
10427,47834,56,4,7,20,24,43
10428,121612,131,9,14,39,63,110
10429,122724,131,12,15,35,64,107
10430,137653,141,12,14,40,63,118
10431,99095,106,10,10,33,44,94
10432,93178,102,10,12,28,48,86
10433,50849,70,5,7,22,25,52
10434,103181,89,9,9,18,32,64
10435,69063,81,8,10,18,36,68
10436,97138,109,10,12,28,48,90
10437,51835,62,6,6,18,26,49
10438,93999,100,8,11,25,40,87
10439,50900,64,7,7,20,27,53
10440,48419,57,7,6,11,25,46
10441,33238,40,5,3,8,20,35
10442,0,0,0,0,0,0,0
10443,0,0,0,0,0,0,0
10444,0,0,0,0,0,0,0
10445,0,0,0,0,0,0,0
10446,0,0,0,0,0,0,0
10447,45204,45,5,4,13,28,34
10448,0,0,0,0,0,0,0
10449,0,0,0,0,0,0,0
10601,20293,34,3,8,6,21,26
10602,8544,13,2,5,2,8,11
10603,0,0,0,0,0,0,0
10604,19175,24,0,3,9,15,23
10605,2354,3,0,0,2,0,3
10606,23858,31,2,3,11,17,27
10607,28204,36,3,5,13,22,33
10608,36435,54,4,6,16,31,49
10609,3632,4,0,0,1,1,5
10610,24258,33,2,5,13,19,29
10611,0,0,0,0,0,0,0
10612,29771,39,3,5,15,25,36
10613,0,0,0,0,0,0,0
10614,24768,46,4,8,10,24,35
10615,25258,43,3,8,8,24,33
10616,69886,70,8,5,9,27,44
10617,22902,38,2,3,6,9,18
10618,72857,73,8,6,10,29,48
10619,19197,27,1,2,0,7,12
10620,54828,52,5,5,10,17,28
10621,21266,34,2,3,4,11,14
10622,41548,46,3,5,7,15,24
10623,0,0,0,0,0,0,0
10624,42439,48,3,5,8,15,26
10625,19989,32,2,1,1,8,13
10626,0,0,0,0,0,0,0
10627,0,0,0,0,0,0,0
10628,7430,11,1,4,3,13,10
10629,28142,39,3,7,9,25,34
10630,31891,44,4,8,11,31,39
10801,35766,43,4,7,9,27,39
10802,56140,76,8,8,15,43,64
10803,0,0,0,0,0,0,0
10804,0,0,0,0,0,0,0
10805,0,0,0,0,0,0,0
10806,0,0,0,0,0,0,0
10807,0,0,0,0,0,0,0
10808,0,0,0,0,0,0,0
10809,0,0,0,0,0,0,0
10810,0,0,0,0,0,0,0
10811,0,0,0,0,0,0,0
10812,0,0,0,0,0,0,0
10813,0,0,0,0,0,0,0
10814,0,0,0,0,0,0,0
10815,0,0,0,0,0,0,0
10816,0,0,0,0,0,0,0
10817,0,0,0,0,0,0,0
10818,0,0,0,0,0,0,0
10819,0,0,0,0,0,0,0
10820,39344,49,5,7,11,36,45
10821,39960,50,6,7,11,36,46
10822,0,0,0,0,0,0,0
10823,0,0,0,0,0,0,0
11001,0,0,0,0,0,0,0
11002,0,0,0,0,0,0,0
11003,0,0,0,0,0,0,0
11004,0,0,0,0,0,0,0
11005,0,0,0,0,0,0,0
11006,0,0,0,0,0,0,0
11007,21232,31,2,2,12,18,27
11008,15568,26,2,1,10,13,22
11009,24415,36,2,3,12,19,32
11010,24121,35,2,2,12,19,31
11011,24415,36,2,3,12,19,32
11012,25514,39,2,3,12,19,35
11013,813,1,0,0,0,0,2
11014,14652,27,4,3,7,18,26
11015,0,0,0,0,0,0,0
11016,0,0,0,0,0,0,0
11017,0,0,0,0,0,0,0
11018,0,0,0,0,0,0,0
11019,0,0,0,0,0,0,0
11020,0,0,0,0,0,0,0
11021,19455,30,5,2,10,22,27
11022,26801,40,3,3,14,20,36
11023,22659,40,5,3,12,21,38
11024,24990,37,3,2,13,20,33
11025,18918,34,3,2,12,17,31
11026,27640,43,5,4,13,25,41
11027,20817,37,5,3,11,21,34
11028,23297,34,5,3,13,23,30
11029,15483,26,2,2,10,14,25
11030,15702,27,5,2,10,19,23
11031,20164,35,5,2,10,21,31
11032,13986,25,3,2,12,12,23
11033,20784,37,5,2,11,21,33
11034,19457,34,5,3,10,21,31
11035,13789,24,4,2,10,16,22
11036,13431,24,4,2,10,14,21
11037,10253,17,3,2,7,12,16
11038,0,0,0,0,0,0,0
11039,0,0,0,0,0,0,0
11040,15686,27,2,1,10,14,23
11041,13410,24,2,1,11,13,21
11042,13035,23,2,2,8,14,20
11043,11556,19,3,2,7,12,19
11201,0,0,0,0,0,0,0
11202,0,0,0,0,0,0,0
11203,0,0,0,0,0,0,0
11204,0,0,0,0,0,0,0
11205,0,0,0,0,0,0,0
11206,0,0,0,0,0,0,0
11207,0,0,0,0,0,0,0
11208,0,0,0,0,0,0,0
11209,0,0,0,0,0,0,0
11210,0,0,0,0,0,0,0
11211,0,0,0,0,0,0,0
11212,0,0,0,0,0,0,0
11401,0,0,0,0,0,0,0
11402,0,0,0,0,0,0,0
11403,0,0,0,0,0,0,0
11404,0,0,0,0,0,0,0
11405,15959,34,5,3,4,7,14
11406,0,0,0,0,0,0,0
11407,0,0,0,0,0,0,0
11408,0,0,0,0,0,0,0
11409,14272,30,5,2,4,7,12
11410,0,0,0,0,0,0,0
11411,0,0,0,0,0,0,0
11412,0,0,0,0,0,0,0
11413,0,0,0,0,0,0,0
11414,0,0,0,0,0,0,0
11415,0,0,0,0,0,0,0
11416,0,0,0,0,0,0,0
11417,0,0,0,0,0,0,0
11418,0,0,0,0,0,0,0
11419,0,0,0,0,0,0,0
11420,0,0,0,0,0,0,0
11421,0,0,0,0,0,0,0
11422,0,0,0,0,0,0,0
11423,25493,45,8,4,8,16,24
11424,30475,50,9,5,12,22,30
11425,29052,49,9,5,12,19,27
11426,23993,43,8,4,6,16,22
11427,0,0,0,0,0,0,0
11428,0,0,0,0,0,0,0
11601,84477,99,13,11,22,48,79
11602,31110,39,8,4,10,22,36
11603,81017,88,12,11,24,49,73
11604,44643,64,11,8,16,29,50
11605,84781,97,11,13,32,51,81
11606,18456,23,5,3,9,13,30
11607,80284,89,11,12,33,44,76
11608,36464,49,8,6,13,23,37
11609,37893,57,10,6,14,25,40
11610,13745,16,4,2,9,6,24
11611,34353,54,10,5,13,24,34
11612,34353,54,10,5,13,24,34
11613,119063,128,13,14,39,70,114
11614,108727,122,14,15,39,63,100
11615,73317,78,10,12,19,42,61
11616,86294,98,12,12,25,50,82
11617,100916,109,14,14,30,53,90
11618,127255,139,15,17,47,72,117
11619,104022,119,14,14,31,59,97
11620,72342,77,11,12,17,42,65
11621,108436,119,13,12,39,65,100
11622,0,0,0,0,0,0,0
11623,45673,42,6,9,11,21,33
11624,0,0,0,0,0,0,0
11625,45494,41,6,7,11,22,33
11626,86336,89,9,16,30,48,71
11627,0,0,0,0,0,0,0
11628,48860,46,6,10,12,22,35
11629,0,0,0,0,0,0,0
11630,23465,29,4,8,11,11,29
11631,0,0,0,0,0,0,0
11632,28376,36,5,9,12,17,39
11633,124562,130,12,20,52,68,113
11634,0,0,0,0,0,0,0
11635,0,0,0,0,0,0,0
11636,0,0,0,0,0,0,0
11637,0,0,0,0,0,0,0
11638,47872,57,10,9,16,28,53
11639,24096,30,7,3,8,17,23
11640,20604,21,5,2,5,10,15
11641,42095,40,3,4,8,27,33
11642,55659,61,6,8,15,34,45
11643,24221,18,1,2,1,9,7
11644,58491,63,6,8,16,36,48
11645,70249,74,9,14,20,38,56
11646,75087,77,9,12,27,44,67
11647,39088,38,5,3,9,20,32
11648,44257,42,6,5,15,21,37
11801,61981,49,4,9,44,51,73
11802,86456,70,12,18,41,60,84
11803,93548,87,12,15,46,62,103
11804,81916,70,11,14,38,51,78
11805,39288,31,7,8,15,22,31
11806,56846,48,10,10,24,34,53
11807,85368,74,16,20,37,61,89
11808,85368,74,16,20,37,61,88
11809,27295,15,2,4,6,7,14
11810,25862,19,4,6,11,7,16
11811,94480,91,17,20,44,63,95
11812,85752,82,15,18,39,55,82
11813,0,0,0,0,0,0,0
11814,39585,35,6,8,23,28,39
11815,0,0,0,0,0,0,0
11816,5299,4,1,2,0,6,4
11817,0,0,0,0,0,0,0
11818,50630,62,12,10,31,36,54
11819,55018,59,13,10,29,38,56
11820,0,0,0,0,0,0,0
11821,0,0,0,0,0,0,0
11822,40726,50,9,9,25,24,37
11823,0,0,0,0,0,0,0
11824,0,0,0,0,0,0,0
11825,152138,124,21,24,104,122,171
11826,115569,94,18,16,89,96,132
11827,84858,60,12,10,58,69,95
11828,95114,62,15,11,65,68,96
11829,59603,51,7,7,40,48,73
11830,66104,53,8,7,45,48,74
11831,70003,55,9,10,45,53,79
11832,19164,20,6,5,15,15,24
11833,109387,98,14,23,57,92,129
11834,145282,135,21,25,72,125,168
11835,122467,112,18,25,61,100,136
11836,100564,88,15,22,44,74,104
11837,19070,21,5,3,14,14,23
11838,101444,91,16,23,46,75,106
11839,77741,63,13,16,32,49,79
11840,79059,65,13,18,33,53,75
11841,86796,76,15,18,39,58,87
11842,19808,17,7,5,11,12,16
11843,33311,29,6,7,23,27,40
11844,64026,58,10,15,31,42,61
12001,220837,198,33,26,96,156,213
12002,155562,159,30,23,76,125,153
12003,86363,95,12,11,42,58,91
12004,181898,177,25,23,88,128,195
12005,19184,22,2,1,9,15,29
12006,41184,41,7,4,15,30,48
12007,114246,119,11,17,52,69,105
12008,0,0,0,0,0,0,0
12009,64519,71,9,11,28,46,68
12010,0,0,0,0,0,0,0
12011,27997,30,6,7,10,23,25
12012,273869,180,33,27,94,173,238
12013,115540,97,16,15,53,84,124
12014,84156,74,16,12,41,65,92
12015,40753,46,7,7,19,32,50
12016,38258,41,7,5,19,32,46
12017,87229,73,13,16,39,55,87
12018,44983,51,8,8,21,35,55
12019,142700,147,26,21,72,119,147
12020,76172,84,16,9,38,59,79
12021,61052,49,10,10,25,36,52
12022,27947,28,3,2,13,20,35
12023,91886,95,15,12,40,59,89
12024,0,0,0,0,0,0,0
12025,0,0,0,0,0,0,0
12026,0,0,0,0,0,0,0
12027,87207,85,8,7,38,48,84
12028,59255,56,6,5,25,29,50
12029,72719,69,7,10,25,30,50
12030,75298,92,9,10,27,43,75
12031,92457,101,12,15,48,74,100
12032,72087,68,7,9,25,29,50
12033,63775,72,6,8,25,37,61
12034,80895,89,8,11,36,52,74
12035,63443,64,5,8,20,37,45
12036,95161,110,9,14,40,60,88
12201,112026,101,13,22,75,114,142
12202,145460,139,21,30,95,164,213
12203,111763,110,18,23,76,100,147
12204,130165,95,11,12,69,89,145
12205,302861,195,43,30,113,211,289
12206,187734,155,22,26,92,162,205
12207,98811,78,17,15,67,80,120
12208,182349,155,24,26,91,160,203
12209,168514,130,21,20,93,137,174
12210,190023,173,31,26,91,178,232
12211,162263,149,24,25,83,151,187
12212,230101,138,26,22,106,158,224
12213,173001,160,29,25,87,162,212
12214,157455,123,24,19,61,114,166
12215,147861,133,25,23,68,137,189
12216,127546,97,18,15,60,94,132
12217,114213,98,18,19,63,99,140
12218,59953,60,12,11,29,52,86
12219,74790,64,10,13,40,62,87
12220,161848,143,26,24,74,143,192
12221,71569,68,14,16,34,60,84
12222,158581,143,20,28,79,143,185
12223,169186,136,21,26,75,132,190
12224,79463,69,14,16,38,65,88
12225,98333,81,14,20,44,70,100
12226,134375,125,19,25,65,113,150
12227,356808,131,28,20,98,188,260
12228,221118,159,25,23,97,158,223
12229,335233,193,38,25,119,244,323
12230,124248,119,16,25,79,119,163
12231,383918,188,43,28,132,251,338
12232,510703,281,60,38,179,329,434
12233,492476,264,55,34,179,323,416
12234,167203,138,17,22,90,163,219
12235,120315,133,24,18,67,156,189
12236,86454,88,8,13,47,97,130
12237,303800,186,42,31,133,240,307
12238,129164,144,29,22,76,151,189
12239,368220,192,43,29,129,224,321
12240,98013,103,21,18,66,119,138
12241,206431,182,33,27,97,197,252
12242,510748,284,57,39,158,304,417
12243,149826,121,22,16,61,129,187
12244,356933,209,47,30,130,231,328
12245,220546,189,38,33,125,215,267
12246,188688,164,29,27,102,186,238
12247,166709,154,26,26,92,143,197
12248,103253,119,20,17,67,122,145
12249,100638,118,19,17,59,119,134
12250,92342,107,18,19,52,102,112
12251,87953,116,18,14,52,119,129
12252,69147,87,17,9,44,91,95
12253,63482,58,12,9,33,57,81
12254,90500,115,18,11,53,111,130
12255,263129,168,32,26,87,160,230
12256,89464,83,18,11,40,74,115
12401,348808,215,41,28,101,178,265
12402,142574,157,16,13,48,68,144
12403,103272,132,13,9,33,53,111
12404,92861,110,10,9,24,38,88
12405,33267,28,3,1,1,8,23
12406,74046,71,4,7,17,25,54
12407,63096,55,4,6,11,21,37
12408,96301,111,12,13,34,45,83
12409,62795,52,4,6,11,21,36
12410,52837,53,3,8,14,20,35
12411,90914,102,11,11,45,53,79
12412,92190,103,11,10,46,46,82
12413,79100,74,6,9,31,37,66
12414,55680,68,4,9,30,32,50
12415,82848,84,6,9,35,41,69
12416,44472,54,3,8,26,28,41
12417,67757,82,5,6,11,37,67
12418,345478,213,41,28,109,183,269
12419,101603,126,16,18,48,83,103
12420,88071,103,7,8,22,35,79
12421,136722,177,23,21,67,128,159
12422,92734,107,13,9,34,55,88
12423,63607,85,13,17,37,63,74
12424,127956,161,22,22,66,115,145
12425,46037,65,10,10,32,61,64
12426,31983,27,3,1,11,14,26
12427,93249,114,19,11,54,113,127
12428,80187,95,16,9,49,95,111
12429,68987,70,7,9,30,42,64
12430,292338,220,45,29,112,197,272
12431,111146,106,13,12,43,73,100
14001,0,0,0,0,0,0,0
14002,0,0,0,0,0,0,0
14003,0,0,0,0,0,0,0
14004,0,0,0,0,0,0,0
14005,0,0,0,0,0,0,0
14006,0,0,0,0,0,0,0
14007,0,0,0,0,0,0,0
14008,0,0,0,0,0,0,0
14009,0,0,0,0,0,0,0
14010,0,0,0,0,0,0,0
14011,0,0,0,0,0,0,0
14012,0,0,0,0,0,0,0
14013,0,0,0,0,0,0,0
14014,0,0,0,0,0,0,0
14015,0,0,0,0,0,0,0
14016,0,0,0,0,0,0,0
14017,0,0,0,0,0,0,0
14018,0,0,0,0,0,0,0
14020,0,0,0,0,0,0,0
14021,0,0,0,0,0,0,0
14022,0,0,0,0,0,0,0
14023,0,0,0,0,0,0,0
14025,0,0,0,0,0,0,0
14026,0,0,0,0,0,0,0
14027,0,0,0,0,0,0,0
14028,0,0,0,0,0,0,0
14029,0,0,0,0,0,0,0
14030,0,0,0,0,0,0,0
14031,0,0,0,0,0,0,0
14032,0,0,0,0,0,0,0
14201,0,0,0,0,0,0,0
14202,0,0,0,0,0,0,0
14203,0,0,0,0,0,0,0
14204,0,0,0,0,0,0,0
14205,0,0,0,0,0,0,0
14206,0,0,0,0,0,0,0
14207,0,0,0,0,0,0,0
14208,0,0,0,0,0,0,0
14209,0,0,0,0,0,0,0
14210,0,0,0,0,0,0,0
14211,0,0,0,0,0,0,0
14212,0,0,0,0,0,0,0
14213,0,0,0,0,0,0,0
14214,0,0,0,0,0,0,0
14215,0,0,0,0,0,0,0
14216,0,0,0,0,0,0,0
14217,0,0,0,0,0,0,0
14218,0,0,0,0,0,0,0
14219,0,0,0,0,0,0,0
14220,0,0,0,0,0,0,0
14221,0,0,0,0,0,0,0
14222,0,0,0,0,0,0,0
14401,0,0,0,0,0,0,0
14402,0,0,0,0,0,0,0
14403,0,0,0,0,0,0,0
14404,0,0,0,0,0,0,0
14405,0,0,0,0,0,0,0
14406,0,0,0,0,0,0,0
14407,0,0,0,0,0,0,0
14408,0,0,0,0,0,0,0
14409,0,0,0,0,0,0,0
14410,0,0,0,0,0,0,0
14411,0,0,0,0,0,0,0
14412,0,0,0,0,0,0,0
14413,0,0,0,0,0,0,0
14414,0,0,0,0,0,0,0
14415,30475,50,9,5,12,22,30
14416,0,0,0,0,0,0,0
14417,0,0,0,0,0,0,0
14418,20037,38,7,3,6,13,18
14419,0,0,0,0,0,0,0
14420,0,0,0,0,0,0,0
14421,0,0,0,0,0,0,0
14422,0,0,0,0,0,0,0
14423,0,0,0,0,0,0,0
14424,0,0,0,0,0,0,0
14425,0,0,0,0,0,0,0
14426,0,0,0,0,0,0,0
14427,0,0,0,0,0,0,0
14428,0,0,0,0,0,0,0
14429,0,0,0,0,0,0,0
14430,0,0,0,0,0,0,0
14431,23993,43,8,4,6,16,22
14432,14457,31,5,2,4,5,12
14433,0,0,0,0,0,0,0
14434,0,0,0,0,0,0,0
14435,0,0,0,0,0,0,0
14436,0,0,0,0,0,0,0
14437,0,0,0,0,0,0,0
14438,0,0,0,0,0,0,0
14439,0,0,0,0,0,0,0
14440,0,0,0,0,0,0,0
14601,55626,67,10,8,30,39,65
14602,33403,41,7,4,20,24,43
14603,0,0,0,0,0,0,0
14604,26927,39,9,6,14,21,28
14605,22798,32,7,5,10,19,21
14606,18601,26,4,2,9,9,26
14607,25790,39,7,6,11,21,27
14608,29413,42,9,7,15,22,34
14609,32193,50,10,6,17,27,44
14610,0,0,0,0,0,0,0
14611,51756,74,16,10,31,36,62
14612,40115,61,10,7,21,27,48
14613,47625,71,14,9,29,35,59
14614,38840,60,9,7,19,25,46
14615,22856,28,4,2,12,11,27
14616,41507,63,11,7,22,25,49
14617,24104,35,7,5,12,19,26
14618,33995,53,9,7,20,24,39
14619,29806,42,7,6,16,22,31
14620,0,0,0,0,0,0,0
14621,6491,6,1,2,4,4,11
14622,12444,18,4,2,7,11,24
14623,8704,13,2,1,5,3,16
14624,1097,2,0,0,0,0,4
14625,48731,62,10,7,24,33,55
14626,41779,61,11,8,21,33,53
14627,3284,8,0,1,1,2,9
14628,2451,1,0,1,1,0,1
14629,47067,59,14,9,29,34,49
14630,43703,56,11,9,28,29,43
14631,42228,52,11,9,25,27,38
14632,4609,4,0,2,1,3,3
14633,39620,50,11,8,24,27,36
14634,0,0,0,0,0,0,0
14635,31743,41,11,8,14,22,29
14636,21557,25,4,6,10,12,16
14637,0,0,0,0,0,0,0
14638,0,0,0,0,0,0,0
14801,0,0,0,0,0,0,0
14802,0,0,0,0,0,0,0
14803,0,0,0,0,0,0,0
14804,0,0,0,0,0,0,0
14805,0,0,0,0,0,0,0
14806,0,0,0,0,0,0,0
14807,24179,41,7,5,11,20,26
14808,0,0,0,0,0,0,0
14809,0,0,0,0,0,0,0
14810,0,0,0,0,0,0,0
14811,0,0,0,0,0,0,0
14812,0,0,0,0,0,0,0
14813,0,0,0,0,0,0,0
14814,0,0,0,0,0,0,0
14815,0,0,0,0,0,0,0
14816,0,0,0,0,0,0,0
15001,0,0,0,0,0,0,0
15002,0,0,0,0,0,0,0
15003,0,0,0,0,0,0,0
15004,0,0,0,0,0,0,0
15005,0,0,0,0,0,0,0
15006,0,0,0,0,0,0,0
15007,0,0,0,0,0,0,0
15201,3495,4,0,0,1,1,9
15202,0,0,0,0,0,0,0
15203,0,0,0,0,0,0,0
15204,0,0,0,0,0,0,0
15205,0,0,0,0,0,0,0
15206,0,0,0,0,0,0,0
15207,0,0,0,0,0,0,0
15208,22641,38,2,3,12,16,26
15209,0,0,0,0,0,0,0
15210,0,0,0,0,0,0,0
15211,0,0,0,0,0,0,0
15212,0,0,0,0,0,0,0
15213,0,0,0,0,0,0,0
15214,0,0,0,0,0,0,0
15215,0,0,0,0,0,0,0
15216,0,0,0,0,0,0,0
15217,0,0,0,0,0,0,0
15218,0,0,0,0,0,0,0
15219,4752,4,0,1,1,4,2
15220,0,0,0,0,0,0,0
15221,4752,4,0,1,1,4,2
15222,0,0,0,0,0,0,0
15223,32140,31,3,4,21,20,40
15224,59624,46,8,7,42,38,67
15225,16110,22,1,2,10,13,17
15226,22537,27,3,2,15,17,26
15227,12357,16,1,1,6,7,10
15228,0,0,0,0,0,0,0
15229,0,0,0,0,0,0,0
15230,30458,28,5,7,21,24,39
15231,397,0,0,0,0,0,1
15232,31606,30,6,7,21,25,39
15233,39788,37,6,9,26,34,53
15234,63050,56,8,13,29,39,64
15235,21500,15,5,5,13,18,21
15236,29854,28,6,7,20,27,34
15237,25784,22,5,6,18,22,30
15238,39260,43,8,9,22,22,32
15239,25784,22,5,6,18,22,25
15240,397,0,0,0,0,0,1
15241,0,0,0,0,0,0,0
15242,28774,27,6,7,20,26,33
15243,0,0,0,0,0,0,0
15244,0,0,0,0,0,0,0
15245,0,0,0,0,0,0,0
15246,0,0,0,0,0,0,0
15247,0,0,0,0,0,0,0
15248,0,0,0,0,0,0,0
15249,0,0,0,0,0,0,0
15401,0,0,0,0,0,0,0
15402,29768,51,3,4,15,23,34
15403,23637,35,2,2,14,18,22
15404,16130,13,0,2,8,9,13
15405,30214,57,3,4,16,23,38
15406,24362,39,1,2,15,18,24
15407,13428,11,0,1,6,9,8
15408,15045,18,0,2,9,7,10
15409,16714,20,0,2,11,9,13
15410,6181,7,0,1,2,4,4
15411,2275,2,0,0,1,0,1
15412,0,0,0,0,0,0,0
15413,0,0,0,0,0,0,0
15414,0,0,0,0,0,0,0
15415,0,0,0,0,0,0,0
15416,0,0,0,0,0,0,0
15417,0,0,0,0,0,0,0
15418,0,0,0,0,0,0,0
15419,0,0,0,0,0,0,0
15601,128493,130,19,19,53,87,124
15602,21258,54,4,1,8,20,35
15603,88207,91,9,18,36,68,87
15604,114726,126,15,17,29,83,107
15605,71612,96,7,11,24,55,70
15606,115972,127,15,19,35,85,109
15607,60696,79,5,7,19,44,57
15608,94173,77,13,17,42,71,76
15609,81131,106,8,10,28,64,76
15610,81965,103,7,10,26,64,75
15611,116374,98,18,20,53,88,99
15612,65142,78,8,11,28,51,63
15613,83373,109,10,11,29,64,83
15614,110041,95,17,20,48,80,93
15615,48737,56,7,11,24,42,47
15616,37684,33,3,10,21,30,36
15617,104758,67,15,18,52,75,92
15618,129022,119,21,22,67,106,126
15619,30691,37,4,7,14,20,26
15620,112467,87,18,21,73,93,111
15621,73945,75,7,11,30,53,62
15622,80595,58,12,10,40,59,80
15623,50138,57,7,5,21,35,45
15624,120696,96,18,18,67,78,98
15625,67709,62,7,9,26,44,53
15626,73573,71,7,10,30,52,57
15627,118160,82,19,16,69,82,106
15628,62642,64,6,12,26,48,62
15629,53279,57,6,8,19,37,48
15630,69339,45,13,8,49,48,75
15631,61198,33,13,9,48,48,63
15632,56780,35,9,5,32,35,54
15633,105057,84,18,15,74,84,116
15634,48660,39,7,8,28,33,57
15635,65310,41,15,10,50,50,68
15636,54801,39,8,9,29,37,60
15637,0,0,0,0,0,0,0
15801,66372,66,7,7,25,45,54
15802,80609,86,11,10,32,65,74
15803,105849,117,15,17,46,95,114
15804,29761,50,7,8,12,33,40
15805,25333,38,5,6,8,27,29
15806,34615,47,8,7,13,31,40
15807,37395,60,9,8,11,40,49
15808,26099,39,7,5,9,27,30
15809,105874,89,14,18,62,82,98
15810,95952,105,15,15,41,74,95
15811,31236,45,8,7,11,34,42
15812,22976,27,5,7,11,20,28
15813,3703,4,1,0,1,3,7
15814,162297,166,21,21,71,128,157
15815,33361,52,7,6,11,32,41
15816,37710,56,8,8,11,40,48
15817,25464,44,3,3,13,18,31
15818,45707,71,10,11,14,47,59
15819,56018,88,10,10,20,50,68
15820,86734,91,12,13,35,72,84
15821,42115,61,8,10,17,44,63
15822,45299,62,6,9,25,42,60
15823,33998,51,3,5,15,24,37
15824,40643,47,6,3,23,35,49
15825,34458,52,3,5,16,24,38
15826,34458,52,3,5,16,24,38
15827,15536,14,0,1,7,9,11
15828,115194,130,17,19,50,100,121
16001,7472,21,3,1,0,11,19
16002,0,0,0,0,0,0,0
16003,48666,61,8,6,13,37,50
16004,35835,53,7,6,12,35,43
16005,0,0,0,0,0,0,0
16006,0,0,0,0,0,0,1
16007,0,0,0,0,0,0,0
16008,32901,46,6,6,12,34,39
16009,29830,31,6,7,12,28,34
16010,20188,14,4,3,10,15,18
16011,23671,16,4,7,10,18,20
16012,38657,31,8,3,9,27,31
16013,0,0,0,0,0,0,0
16014,17205,15,6,2,6,18,18
16015,18536,11,2,4,9,12,15
16016,42919,36,8,3,10,23,34
16017,0,0,0,0,0,0,0
16018,32292,30,8,3,8,26,30
16019,22842,25,6,3,2,23,25
16020,23901,28,6,4,2,23,27
16021,23901,28,6,4,2,23,27
16022,25821,31,6,4,3,27,31
16023,12526,8,2,0,9,8,11
16024,5017,0,1,0,5,1,1
16025,0,0,0,0,0,0,0
16026,0,0,0,0,0,0,0
16027,3790,9,0,0,5,10,11
16028,0,0,0,0,0,0,0
16029,7054,8,4,1,1,11,9
16030,8389,11,4,1,2,15,12
16031,25323,25,0,3,7,14,26
16032,24395,23,0,2,8,13,26
16033,0,0,0,0,0,0,0
16034,12343,22,0,2,7,12,22
16035,3662,3,0,0,2,3,2
16036,0,0,0,0,0,0,0
16037,0,0,0,0,0,0,0
16038,0,0,0,0,0,0,0
16039,0,0,0,0,0,0,0
16040,0,0,0,0,0,0,0
16041,15132,26,6,4,3,24,27
16042,17597,30,6,4,3,26,30
16043,15571,27,5,4,2,25,27
16044,174603,239,19,23,53,134,177
16045,125043,168,14,11,35,85,123
16046,144982,199,18,13,41,105,146
16047,104587,105,13,7,33,59,81
16048,33001,30,2,2,12,16,30
16201,40889,56,4,7,18,37,37
16202,168308,180,16,25,40,109,144
16203,39514,52,5,7,12,28,34
16204,135462,145,12,21,35,87,116
16205,103924,144,12,9,23,72,105
16206,63207,97,11,9,18,56,72
16207,31766,54,4,4,18,29,39
16208,41958,61,6,8,12,34,44
16209,160889,208,17,20,39,110,155
16210,71725,103,11,7,15,55,78
16211,30412,41,5,5,14,23,27
16212,63491,99,11,6,18,53,73
16213,39322,50,6,8,12,32,37
16214,37619,49,6,7,14,25,37
16215,30453,53,5,4,6,29,40
16216,30492,43,8,6,12,29,36
16217,47852,55,8,6,12,35,44
16218,37422,50,8,6,11,31,41
16219,18731,42,4,1,1,22,30
16220,70997,87,9,3,16,45,65
16221,28047,41,6,7,10,31,36
16222,32517,51,7,5,11,32,40
16223,48530,56,7,5,15,35,47
16224,33361,52,7,6,11,32,41
16225,40216,57,7,9,12,37,47
16226,36468,52,7,6,12,34,42
16227,40216,57,7,9,12,37,47
16228,39731,56,7,9,12,36,46
18001,95971,133,11,7,14,68,90
18002,131723,188,13,15,27,99,127
18003,128821,179,13,15,27,93,114
18004,140433,200,20,16,29,115,135
18006,124622,173,14,14,23,98,114
18007,122761,167,12,14,27,89,112
18008,177234,270,27,17,42,160,172
18009,133319,180,12,13,28,98,114
18010,167511,251,25,22,33,139,161
18011,163408,235,21,14,36,137,149
18012,132091,151,11,10,27,75,96
18013,210939,323,29,26,54,185,203
18014,198846,299,27,24,43,163,181
18015,210881,324,30,25,50,171,198
18016,209777,327,29,25,55,183,207
18017,182868,265,26,17,39,137,161
18018,207567,310,30,25,43,160,189
18019,169114,253,26,16,32,145,153
18020,176478,273,28,17,37,143,164
18021,214425,324,31,25,50,175,199
18022,148003,188,18,15,24,98,116
18023,211429,324,30,25,51,174,198
18024,196349,263,26,20,38,137,158
18025,151077,222,22,15,25,109,135
18026,170314,253,26,15,34,141,154
18027,169709,243,25,17,36,127,141
18028,127772,175,20,11,21,91,113
18029,176241,246,27,15,34,127,146
18030,140583,208,20,15,25,97,130
18031,138178,190,21,13,29,98,103
18032,103340,145,9,6,18,65,81
18033,130951,187,18,14,25,87,112
18034,134867,195,19,14,25,95,124
18035,115810,163,17,10,23,84,104
18036,155453,208,22,15,33,104,120
18037,137651,200,22,13,28,101,123
18038,146691,202,23,13,25,97,107
18039,120586,165,18,11,24,79,96
18040,112992,149,11,9,22,60,71
18041,109431,150,14,10,23,72,96
18201,0,0,0,0,0,0,0
18202,0,0,0,0,0,0,0
18203,58176,67,2,6,5,35,44
18204,10224,13,0,3,2,13,13
18205,0,0,0,0,0,0,0
18206,0,0,0,0,0,0,0
18207,74818,70,4,7,15,36,48
18208,55458,36,2,4,10,24,31
18209,12555,13,0,2,4,8,14
18210,91313,106,5,9,23,54,68
18211,67345,59,4,7,14,34,41
18212,83738,93,7,7,17,48,60
18213,43717,53,1,7,16,41,47
18214,102508,132,6,10,24,64,86
18215,86272,92,3,7,23,47,62
18216,122346,171,10,12,27,86,106
18217,50230,51,1,6,16,41,45
18218,63712,49,1,5,17,34,41
18219,102340,130,6,11,25,69,85
18220,82683,68,2,6,22,41,49
18221,112106,149,8,11,26,78,96
18222,117348,147,7,10,26,77,92
18223,48605,39,1,5,18,32,36
18224,68366,70,2,7,12,32,47
18225,76355,76,1,6,20,47,52
18226,46808,38,2,3,15,32,37
18227,76470,60,3,6,21,39,44
18228,42985,49,1,3,9,31,30
18229,60875,60,1,7,17,41,48
18230,128899,155,11,15,20,71,92
18231,127952,152,11,15,19,65,90
18232,83242,95,3,8,19,47,63
18233,129824,181,12,11,22,90,109
18234,110533,114,4,11,24,62,71
18235,94325,103,3,10,22,43,58
18236,110798,128,11,11,17,58,75
18237,74675,71,2,6,11,35,41
18238,82823,95,3,5,15,40,59
18239,67761,79,2,8,12,35,45
18240,88698,98,3,10,12,39,53
18241,77080,80,2,7,12,34,51
18242,107809,102,5,11,13,41,54
18401,0,0,0,0,0,0,0
18402,0,0,0,0,0,0,0
18403,0,0,0,0,0,0,0
18404,0,0,0,0,0,0,0
18405,2764,6,1,0,1,3,5
18406,0,0,0,0,0,0,0
18407,0,0,0,0,0,0,0
18408,2370,5,0,0,1,2,4
18409,0,0,0,0,0,0,0
18410,0,0,0,0,0,0,0
18411,0,0,0,0,0,0,0
18412,0,0,0,0,0,0,0
18413,0,0,0,0,0,0,0
18414,0,0,0,0,0,0,0
18415,0,0,0,0,0,0,0
18416,0,0,0,0,0,0,0
18417,0,0,0,0,0,0,0
18418,0,0,0,0,0,0,0
18419,0,0,0,0,0,0,0
18420,27623,37,1,5,7,19,29
18421,0,0,0,0,0,0,0
18422,9508,11,1,1,0,6,10
18423,3023,7,0,0,0,4,5
18424,0,0,0,0,0,0,0
18425,52928,62,2,5,11,29,40
18426,0,0,0,0,0,0,0
18427,3773,6,1,0,0,4,5
18428,0,0,0,0,0,0,0
18429,44676,53,1,5,7,25,35
18430,0,0,0,0,0,0,0
18431,0,0,0,0,0,0,0
18601,63400,94,8,1,13,41,38
18602,63125,68,7,4,8,27,32
18603,36771,75,6,0,10,34,30
18604,43466,40,5,4,7,14,28
18605,77385,104,8,4,13,37,46
18606,76975,115,9,6,14,44,50
18607,68842,96,7,4,15,36,43
18608,47013,83,7,4,9,33,37
18609,69185,96,8,4,11,36,44
18610,29598,25,4,0,6,15,19
18611,47341,81,7,4,10,30,39
18612,49794,91,7,4,11,35,40
18613,0,0,0,0,0,0,0
18614,39940,46,5,4,8,20,31
18615,39576,63,6,2,7,27,31
18616,34527,37,5,4,4,17,25
18617,15992,10,2,0,4,10,11
18618,0,0,0,0,0,0,0
18619,41202,56,6,4,7,22,32
18620,0,0,0,0,0,0,0
18621,0,0,0,0,0,0,0
18622,0,0,0,0,0,0,0
18623,0,0,0,0,0,0,0
18624,0,0,0,0,0,0,0
18625,1881,3,0,0,0,2,4
18626,70825,48,7,6,6,20,28
18627,3294,4,0,0,1,1,6
18628,0,0,0,0,0,0,0
18629,141378,141,13,8,21,52,68
18630,0,0,0,0,0,0,0
18631,47937,25,6,4,4,8,18
18632,99483,72,7,5,12,24,39
18633,88404,61,7,7,6,22,41
18634,88824,63,7,7,5,23,42
18635,63627,42,6,4,8,15,27
18636,30412,15,2,0,3,3,13
18801,127525,173,21,10,24,84,99
18802,118230,155,18,10,20,78,87
18803,101049,124,18,6,19,62,66
18804,97753,123,16,7,19,63,77
18805,69182,73,9,4,9,30,46
18806,110489,137,17,10,20,68,79
18807,97546,114,17,6,17,57,62
18808,107214,128,18,9,16,61,72
18809,118646,131,19,12,33,72,96
18810,78490,92,13,5,11,43,48
18811,78959,88,11,6,11,35,52
18812,104208,125,17,9,16,63,71
18813,59755,55,13,3,8,24,34
18814,92017,102,15,7,10,49,56
18815,90107,98,15,7,13,48,51
18816,89520,98,16,5,12,45,63
18817,85203,80,14,7,10,39,48
18818,71210,63,15,3,8,27,38
18819,135740,174,22,11,27,84,90
18820,108300,141,14,11,20,60,63
18821,92114,110,7,10,16,40,44
18822,118544,151,20,10,22,70,71
18823,127155,156,16,15,23,74,85
18824,75157,71,3,7,11,31,39
18825,117350,150,17,8,22,67,64
18826,100794,134,17,5,19,64,59
18827,85687,120,12,3,16,53,50
18828,28359,29,3,5,4,7,13
18829,123725,119,10,7,16,51,55
18830,70723,108,10,3,14,44,42
18831,51785,80,7,1,12,35,30
18832,75208,108,9,5,13,43,43
18833,63619,97,8,2,13,42,37
18834,0,0,0,0,0,0,0
19001,28999,30,10,5,4,20,17
19002,0,0,0,0,0,0,0
19003,56590,51,13,6,6,33,31
19004,0,0,0,0,0,0,0
19005,71119,60,13,6,7,34,36
19006,37438,34,10,5,5,24,21
19007,14050,9,7,2,3,13,9
19008,0,0,0,0,0,0,0
19009,0,0,0,0,0,0,0
19010,0,0,0,0,0,0,0
19011,12523,9,3,2,2,12,8
19012,0,0,0,0,0,0,0
19013,0,0,0,0,0,0,0
19014,0,0,0,0,0,0,0
19015,0,0,0,0,0,0,0
19016,0,0,0,0,0,0,0
19017,0,0,0,0,0,0,0
19018,0,0,0,0,0,0,0
19019,0,0,0,0,0,0,0
19020,0,0,0,0,0,0,0
19021,0,0,0,0,0,0,0
19022,0,0,0,0,0,0,0
19023,0,0,0,0,0,0,0
19024,37645,35,10,5,5,24,21
20001,77081,104,5,9,15,50,94
20002,19849,42,0,1,3,21,49
20003,0,0,0,0,0,0,0
20004,0,0,0,0,0,0,0
20005,68841,79,3,5,6,43,61
20006,6624,30,0,3,0,15,20
20007,81284,116,3,8,10,60,87
20008,115612,177,9,10,17,94,131
20009,84081,127,5,8,11,63,92
20010,57378,62,2,5,5,33,44
20011,84570,110,6,8,17,55,72
20012,80432,104,6,6,16,49,66
20013,14248,14,1,4,5,14,21
20014,35468,64,4,7,12,37,63
20015,34518,40,3,9,15,39,42
20016,39558,56,5,9,14,36,55
20017,30700,53,4,7,11,33,52
20018,22290,33,1,4,9,27,37
20019,0,0,0,0,0,0,0
20020,21921,35,3,4,9,21,34
20021,50846,78,5,11,16,53,78
20022,91225,108,8,12,22,68,100
20023,113697,133,7,11,20,71,119
20024,4050,3,0,0,0,1,3
20025,119320,133,9,13,23,73,118
20026,91155,113,8,12,22,66,101
20027,21751,39,2,3,8,18,35
20028,22646,46,2,3,8,24,45
20029,27102,51,3,8,10,32,44
20030,4481,14,0,0,0,5,13
20031,64470,47,10,5,10,43,45
20032,30651,27,6,6,4,25,27
20033,90371,79,10,6,18,56,86
20034,0,0,0,0,0,0,0
20035,45256,49,8,6,10,45,58
20036,45561,54,9,6,11,49,60
20037,52526,78,3,3,7,42,76
20038,155946,129,12,7,24,73,145
20039,33402,47,2,1,2,24,51
20040,12015,31,0,1,2,16,34
20041,87241,107,6,10,18,61,107
20042,6847,22,0,0,1,15,25
20043,22157,26,4,5,8,19,26
20044,36219,34,6,6,8,26,38
20045,9894,12,3,3,7,11,12
20046,945,1,0,1,1,1,1
20047,39620,42,5,6,9,30,40
20048,0,0,0,0,0,0,0
20049,38980,41,6,6,9,31,43
20050,26389,43,1,1,2,27,46
20051,28967,53,4,4,11,31,54
20052,27070,51,4,4,9,26,53
20053,63432,88,2,7,14,44,84
20054,76210,96,3,6,7,49,71
20055,0,0,0,0,0,0,0
20056,0,0,0,0,0,0,0
20057,26584,42,0,3,2,20,39
20058,103029,136,5,12,19,71,111
20059,77289,86,4,9,11,50,77
20060,13058,36,0,4,0,19,31
20061,108167,160,7,11,18,80,125
20062,59684,79,3,6,7,41,63
20063,36622,62,0,6,7,35,57
20064,16975,46,0,4,2,26,38
20065,85458,119,3,10,10,57,95
20066,55480,71,5,2,8,43,74
20067,196942,122,14,5,30,94,154
20068,177141,122,12,5,29,78,146
20069,55552,68,5,2,9,45,74
20070,208347,143,15,6,34,102,171
20071,46270,62,4,2,6,35,66
20072,27081,46,1,2,3,23,52
20073,35475,58,1,2,3,26,60
20074,66371,97,5,6,11,51,97
20075,36766,69,3,3,4,30,69
20076,99034,115,6,9,20,67,123
20077,122899,109,10,5,19,68,122
20078,10141,15,1,3,7,10,17
20079,12460,19,2,4,7,11,18
20080,15567,23,2,4,7,14,20
20081,23465,36,4,3,8,21,29
20082,38972,47,5,6,10,28,41
20083,15872,24,2,5,7,14,20
20084,31095,44,4,5,10,28,36
20085,26042,40,4,5,10,25,32
20086,0,0,0,0,0,0,0
20087,6355,8,1,1,6,6,9
20088,29850,44,4,5,10,28,39
20089,28524,40,4,5,10,22,34
20090,31287,54,4,6,10,28,48
20091,31850,48,4,5,10,32,45
20201,0,0,0,0,0,0,0
20202,0,0,0,0,0,0,0
20203,0,0,0,0,0,0,0
20204,0,0,0,0,0,0,0
20205,15383,9,4,4,6,8,8
20206,0,0,0,0,0,0,0
20207,30337,23,6,6,10,22,19
20208,56623,39,7,9,14,30,26
20209,19515,17,2,7,7,15,11
20210,61815,46,9,10,16,36,31
20211,0,0,0,0,0,0,0
20212,61218,51,8,8,15,33,34
20213,61907,43,8,9,14,32,30
20214,21945,11,3,5,5,9,11
20215,50107,45,5,4,15,31,34
20216,53262,36,5,7,13,25,25
20217,25531,20,4,5,7,12,15
20218,0,0,0,0,0,0,0
20219,16891,6,0,3,5,5,7
20220,48437,43,5,6,13,28,27
20221,61184,48,6,7,16,29,32
20222,61184,48,6,7,16,29,34
20223,75796,32,3,6,30,32,37
20224,198380,95,15,14,48,94,118
20225,131949,74,9,12,39,75,79
20226,129747,83,10,9,41,74,73
20227,59980,40,6,6,19,40,40
20228,109730,65,10,8,36,63,66
20229,93243,54,7,7,30,57,54
20230,62333,40,6,6,20,40,41
20231,0,0,0,0,0,0,0
20232,0,0,0,0,0,0,0
20233,0,0,0,0,0,0,0
20234,0,0,0,0,0,0,0
20235,0,0,0,0,0,0,0
20236,0,0,0,0,0,0,0
20237,0,0,0,0,0,0,0
20238,0,0,0,0,0,0,0
20239,0,0,0,0,0,0,0
20240,0,0,0,0,0,0,0
20241,0,0,0,0,0,0,0
20242,0,0,0,0,0,0,0
20243,0,0,0,0,0,0,0
20244,0,0,0,0,0,0,0
20245,0,0,0,0,0,0,0
20246,0,0,0,0,0,0,0
20247,96958,51,6,10,29,64,58
20248,100956,56,5,9,31,67,61
20249,92978,62,7,9,29,67,60
20250,83185,53,5,8,27,61,55
20251,91252,55,6,10,31,68,61
20252,51440,27,3,6,15,32,31
20253,85909,54,6,10,26,64,57
20254,63395,30,3,8,17,40,36
20255,0,0,0,0,0,0,0
20256,83070,52,6,10,26,63,56
20257,0,0,0,0,0,0,0
20258,0,0,0,0,0,0,0
20259,0,0,0,0,0,0,0
20260,0,0,0,0,0,0,0
20261,50155,41,5,6,13,27,26
20262,29312,8,0,3,17,11,10
20263,0,0,0,0,0,0,0
20264,21985,15,0,5,6,11,11
20265,0,0,0,0,0,0,0
20266,92191,60,4,6,31,54,62
20267,18435,4,0,1,12,5,6
20268,0,0,0,0,0,0,0
20269,0,0,0,0,0,0,0
20270,89628,43,6,9,32,47,51
20271,18077,4,0,1,12,4,6
20272,91236,45,6,9,32,53,50
20273,0,0,0,0,0,0,0
20274,0,0,0,0,0,0,0
20275,103142,58,7,9,32,68,61
20276,33417,12,3,4,16,19,18
20277,51252,28,4,6,20,30,31
20278,41896,24,4,5,19,25,26
20279,92366,55,5,10,32,63,61
20280,65074,35,5,8,23,42,39
20281,68103,38,5,8,23,44,42
20282,41424,28,5,5,12,30,27
20283,24043,16,2,3,6,14,15
20401,11793,28,3,0,4,11,14
20402,0,0,0,0,0,0,0
20403,0,0,0,0,0,0,0
20404,0,0,0,0,0,0,0
20405,0,0,0,0,0,0,0
20406,23605,16,2,4,8,18,16
20407,27982,19,4,4,9,23,20
20408,62428,53,7,6,22,41,46
20409,39494,35,5,6,11,33,31
20410,47284,38,5,5,12,35,32
20411,0,0,0,0,0,0,0
20412,0,0,0,0,0,0,0
20413,0,0,0,0,0,0,0
20414,0,0,0,0,0,0,0
20415,29367,39,6,5,8,25,25
20416,23875,34,3,5,6,27,27
20417,40345,50,7,6,9,36,41
20418,52606,65,8,11,20,56,57
20419,58542,68,8,11,22,60,61
20420,59026,67,9,12,22,56,61
20421,36248,30,4,6,15,32,30
20422,55535,61,6,11,20,53,57
20423,0,0,0,0,0,0,0
20424,0,0,0,0,0,0,0
20425,0,0,0,0,0,0,0
20426,0,0,0,0,0,0,0
20427,0,0,0,0,0,0,0
20428,0,0,0,0,0,0,0
20429,0,0,0,0,0,0,0
20430,0,0,0,0,0,0,0
20431,0,0,0,0,0,0,0
20432,0,0,0,0,0,0,0
20433,8690,20,2,0,4,6,10
20434,15665,34,4,1,6,18,18
20435,15632,33,4,1,6,18,17
20436,0,0,0,0,0,0,0
20437,0,0,0,0,0,0,0
20438,32681,30,3,8,11,37,29
20439,5954,6,1,1,6,8,10
20440,0,0,0,0,0,0,0
20441,19608,23,1,4,6,25,20
20442,32325,33,3,8,11,41,36
20601,0,0,0,0,0,0,0
20602,0,0,0,0,0,0,0
20603,0,0,0,0,0,0,0
20604,0,0,0,0,0,0,0
20605,0,0,0,0,0,0,0
20606,0,0,0,0,0,0,0
20607,0,0,0,0,0,0,0
20608,0,0,0,0,0,0,0
20609,0,0,0,0,0,0,0
20610,0,0,0,0,0,0,0
20611,0,0,0,0,0,0,0
20612,0,0,0,0,0,0,0
20613,0,0,0,0,0,0,0
20614,9077,35,0,3,0,16,28
20615,0,0,0,0,0,0,0
20616,0,0,0,0,0,0,0
20617,2935,7,2,0,0,4,8
20618,2973,10,3,0,1,3,7
20619,0,0,0,0,0,0,0
20620,4490,13,3,0,1,5,11
20621,3506,12,3,0,1,5,10
20622,4611,13,3,0,1,7,12
20623,3271,8,0,0,0,4,9
20624,1495,4,0,0,0,3,3
20625,1734,7,0,0,0,3,8
20626,0,0,0,0,0,0,0
20627,0,0,0,0,0,0,0
20628,0,0,0,0,0,0,0
20629,0,0,0,0,0,0,0
20630,0,0,0,0,0,0,0
20631,0,0,0,0,0,0,0
20632,133,1,0,0,0,0,1
20633,133,1,0,0,0,0,1
20634,16700,44,5,1,5,18,26
20635,12453,33,5,0,4,13,17
20636,356,4,0,0,0,0,3
20637,4015,21,4,0,1,6,12
20638,0,0,0,0,0,0,0
20639,183,1,0,0,0,0,1
20640,15462,39,5,1,6,21,21
20641,5192,18,2,1,2,8,11
20642,16769,37,5,3,6,17,20
20643,0,0,0,0,0,0,0
20644,0,0,0,0,0,0,0
20645,0,0,0,0,0,0,0
20646,1764,3,0,1,1,3,3
20647,6000,21,3,1,2,8,12
20648,0,0,0,0,0,0,0
20649,0,0,0,0,0,0,0
20650,0,0,0,0,0,0,0
20651,0,0,0,0,0,0,0
20652,0,0,0,0,0,0,0
20653,0,0,0,0,0,0,0
20654,0,0,0,0,0,0,0
20655,0,0,0,0,0,0,0
20656,3977,14,3,1,2,9,11
20657,6780,18,3,1,2,12,14
20801,0,0,0,0,0,0,0
20802,0,0,0,0,0,0,0
20803,0,0,0,0,0,0,0
20804,0,0,0,0,0,0,0
20805,0,0,0,0,0,0,0
20806,0,0,0,0,0,0,0
20807,0,0,0,0,0,0,0
20808,0,0,0,0,0,0,0
20809,0,0,0,0,0,0,0
20810,0,0,0,0,0,0,0
20811,0,0,0,0,0,0,0
20812,0,0,0,0,0,0,0
20813,0,0,0,0,0,0,0
20814,0,0,0,0,0,0,0
20815,0,0,0,0,0,0,0
20816,0,0,0,0,0,0,0
20817,0,0,0,0,0,0,0
20818,0,0,0,0,0,0,0
20819,0,0,0,0,0,0,0
20820,0,0,0,0,0,0,0
20821,0,0,0,0,0,0,0
20822,0,0,0,0,0,0,0
20823,0,0,0,0,0,0,0
20824,0,0,0,0,0,0,0
20825,0,0,0,0,0,0,0
20826,0,0,0,0,0,0,0
20827,0,0,0,0,0,0,0
20828,0,0,0,0,0,0,0
20829,0,0,0,0,0,0,0
20830,0,0,0,0,0,0,0
20831,0,0,0,0,0,0,0
20832,0,0,0,0,0,0,0
20833,0,0,0,0,0,0,0
20834,0,0,0,0,0,0,0
20835,0,0,0,0,0,0,0
20836,0,0,0,0,0,0,0
20837,0,0,0,0,0,0,0
20838,0,0,0,0,0,0,0
20839,0,0,0,0,0,0,0
20840,0,0,0,0,0,0,0
20841,0,0,0,0,0,0,0
20842,0,0,0,0,0,0,0
22001,159452,151,18,9,33,109,145
22002,258443,167,26,8,51,127,185
22003,259718,182,28,11,46,143,207
22004,438978,266,37,16,76,223,303
22005,296679,162,27,10,51,132,207
22006,545729,337,52,24,127,327,403
22007,678560,492,66,47,179,514,605
22008,530434,333,50,23,107,303,399
22009,386792,203,29,15,68,173,259
22010,395637,215,35,14,74,189,268
22011,429865,240,33,17,78,211,280
22012,523307,297,45,25,115,286,371
22013,340596,174,28,9,58,149,223
22014,496541,293,41,20,96,262,347
22015,432565,235,32,19,84,229,290
22016,340396,182,29,11,56,152,227
22017,490891,265,35,19,94,254,327
22018,593644,389,58,31,131,388,468
22019,623218,420,63,35,145,416,503
22020,514683,268,38,24,105,260,336
22021,537114,322,51,24,113,308,402
22022,431058,225,33,19,91,218,291
22023,317537,152,29,12,68,154,201
22024,687981,494,69,46,178,513,609
22025,707283,527,70,49,186,540,661
22026,608161,420,60,35,141,418,525
22027,347380,172,32,14,68,164,222
22028,567357,353,51,27,120,356,432
22029,648963,459,65,40,156,471,571
22030,479096,249,39,21,96,233,305
22031,551887,339,55,25,127,351,430
22032,369740,176,29,9,63,157,235
22033,389305,174,30,12,70,154,238
22034,293933,160,29,10,57,145,209
22035,539025,312,49,25,114,310,396
22036,514632,297,47,21,114,298,384
22037,239223,119,21,4,41,96,175
22038,200219,130,20,6,38,108,162
22039,239988,117,23,6,36,93,175
22040,219227,142,21,6,50,120,159
22041,312570,166,24,6,53,150,201
22042,235751,126,22,5,45,121,160
22043,400451,223,29,11,77,201,266
22044,170961,107,15,5,38,92,126
22045,473136,282,38,17,97,259,336
22046,235811,161,24,7,51,141,182
22047,284783,136,22,12,64,121,174
22048,219797,124,20,9,46,112,156
22049,282297,142,26,8,49,133,179
22050,327497,133,26,8,54,125,192
22051,429520,214,30,18,86,210,287
22052,176304,102,17,9,45,103,125
22053,373642,160,29,17,71,154,225
22054,375616,172,28,14,76,160,231
22055,295475,140,26,11,67,131,184
22056,114711,67,8,9,26,67,67
22057,275877,160,24,8,43,132,206
22058,291616,127,25,7,51,122,181
22059,471072,276,38,17,84,240,333
22060,108434,74,12,8,25,76,73
22061,437861,217,29,15,75,190,291
22062,13738,12,2,0,2,10,21
22063,119305,108,12,6,20,82,110
22064,89925,69,11,6,19,70,62
22065,236169,110,23,4,36,89,168
22066,117009,111,13,6,18,84,116
22067,117030,97,13,4,19,69,99
22068,133476,83,14,6,25,72,94
22069,199357,150,16,7,31,107,170
22070,61101,71,6,3,10,46,76
22071,414244,226,30,16,71,189,284
22072,447133,260,36,17,85,221,296
22201,484518,290,36,25,109,256,321
22202,586347,385,50,32,146,348,434
22203,39368,30,4,5,16,35,38
22204,114932,110,13,10,34,86,92
22205,59273,66,5,6,26,55,55
22206,33855,28,3,4,15,33,37
22207,29377,34,4,4,10,36,35
22208,0,0,0,0,0,0,0
22209,122181,104,14,10,36,91,100
22210,40070,33,5,4,9,22,20
22211,19444,16,2,3,9,19,15
22212,57730,51,6,5,18,38,39
22213,38165,32,4,3,14,29,30
22214,35200,30,4,3,7,20,18
22215,83732,62,6,6,23,63,54
22216,96357,89,7,5,29,80,77
22217,134500,135,15,12,43,115,108
22218,31507,24,2,3,6,17,13
22219,79314,75,8,5,21,65,68
22220,121188,113,11,9,40,104,96
22221,191638,136,17,13,38,117,142
22222,104074,82,8,8,35,73,76
22223,128512,117,13,12,41,110,101
22224,109426,80,9,9,35,82,79
22225,239013,155,23,13,47,135,169
22226,231844,157,21,14,43,134,167
22227,156683,134,16,12,48,109,127
22228,178299,126,16,12,48,121,128
22229,155727,100,13,9,44,90,107
22230,130069,81,10,9,41,77,83
22231,201049,116,16,14,53,109,139
22232,147264,106,11,12,43,95,101
22233,137776,88,11,11,42,82,80
22234,15358,8,1,2,7,10,8
22235,32344,42,4,3,7,33,40
22236,154742,135,14,11,38,106,119
22237,239237,179,22,13,61,142,172
22238,544672,324,41,28,121,282,363
22239,489217,291,37,27,113,246,319
22240,453379,256,32,25,97,216,288
22241,608931,399,53,34,154,373,456
22242,257637,195,22,17,61,153,184
22243,558250,342,43,30,129,302,389
22244,218928,168,23,13,50,144,161
22245,18553,13,4,4,11,13,10
22246,18553,13,4,4,11,13,10
22247,78586,86,10,8,21,66,79
22248,8361,9,1,1,7,9,6
22249,31916,22,6,6,12,22,19
22250,56280,63,5,7,17,52,57
22251,212505,168,21,11,57,131,168
22252,60184,66,6,8,18,54,64
22253,31991,21,2,4,15,30,27
22254,22762,16,2,4,15,24,19
22255,39183,30,3,7,16,34,33
22256,504442,304,37,25,117,261,337
22257,62001,42,8,11,25,50,47
22401,120489,152,14,12,33,112,118
22402,105897,142,15,10,20,99,109
22403,107509,137,14,11,31,101,102
22404,177648,142,15,6,37,95,137
22405,199980,147,20,12,45,124,143
22406,177318,133,19,10,40,104,127
22407,146727,138,16,11,39,113,116
22408,55156,57,7,6,12,51,64
22409,86796,101,9,9,19,70,99
22410,607709,417,60,35,155,424,494
22411,424237,247,35,17,82,205,284
22412,384644,210,30,15,72,179,244
22413,563199,343,49,31,133,338,409
22414,185680,143,19,11,39,123,146
22415,111725,116,10,6,22,81,100
22416,325797,197,25,12,63,156,206
22417,380949,213,30,17,69,172,241
22418,269623,177,27,9,51,136,193
22419,594210,380,56,32,140,378,455
22420,406670,221,32,19,82,187,258
22421,544223,329,46,29,124,308,383
22422,302915,190,28,16,52,159,205
22423,370022,205,30,16,62,175,232
22424,68669,98,8,6,21,71,71
22425,110524,148,14,10,33,111,113
22426,202855,169,20,12,53,135,153
22427,23971,25,2,3,9,22,19
22428,53167,53,4,7,15,53,62
22429,114889,93,9,5,25,72,88
22430,62283,66,6,7,13,61,73
22431,53705,46,6,4,16,41,57
22432,48717,52,5,6,13,47,55
22433,52854,53,5,6,13,52,61
22434,30250,30,3,4,9,29,43
22435,55507,60,7,6,16,56,65
22436,126557,118,11,12,32,87,111
22437,546827,349,40,29,126,302,384
22438,26183,38,3,3,8,34,26
22439,34948,56,4,6,12,41,36
22440,103483,135,13,10,22,101,94
22441,113057,143,14,10,27,107,112
22442,27521,37,3,4,10,35,27
22443,70629,76,9,9,19,63,67
22444,18352,18,2,4,7,17,21
22445,297962,233,27,16,67,177,222
22446,0,0,0,0,0,0,0
22601,47346,64,7,6,14,52,46
22602,0,0,0,0,0,0,0
22603,71548,86,9,6,18,69,66
22604,24679,44,5,4,4,31,29
22605,319632,111,17,4,50,112,164
22606,400201,229,32,16,66,193,277
22607,17255,30,2,4,1,22,27
22608,24383,42,2,4,6,28,40
22609,17951,32,1,4,0,30,31
22610,25870,45,2,5,6,28,41
22611,33851,49,2,4,10,33,44
22612,35808,54,3,6,11,40,52
22613,37604,52,2,5,11,36,55
22614,40770,53,4,2,8,33,39
22615,43937,70,4,6,14,50,58
22616,43500,68,4,6,14,49,57
22617,54542,79,6,7,9,52,64
22618,25244,39,2,4,6,34,34
22619,48204,68,4,5,8,40,50
22620,42857,64,5,3,6,38,46
22621,35236,52,3,1,6,31,35
22622,42591,53,3,6,13,47,52
22623,45027,46,4,6,12,49,54
22624,56312,82,8,7,10,52,61
22625,50487,65,7,3,11,45,52
22626,18639,25,1,0,5,15,15
22627,0,0,0,0,0,0,0
22628,0,0,0,0,0,0,0
22629,60037,89,8,6,13,62,70
22630,19542,29,1,0,5,17,17
22631,104969,137,13,8,30,108,112
22632,192030,207,18,15,49,160,167
22633,0,0,0,0,0,0,0
22634,42266,54,2,6,12,38,58
22635,25502,39,2,3,3,25,33
22636,11801,24,1,1,1,16,21
22637,35498,48,2,5,10,34,49
22638,29977,46,3,4,6,31,36
22639,70996,105,10,6,15,73,85
22640,52537,55,6,3,12,43,52
22641,98258,135,13,11,25,101,104
22801,43573,41,4,3,16,35,52
22802,43573,41,4,3,16,35,49
22803,40724,43,6,4,10,30,52
22804,36845,37,4,3,15,27,37
22805,0,0,0,0,0,0,0
22806,30670,32,4,2,15,21,25
22807,56411,50,8,8,19,38,46
22808,25764,32,4,2,7,15,28
22809,0,0,0,0,0,0,0
22810,9337,15,2,0,5,6,15
22811,0,0,0,0,0,0,0
22812,14818,23,2,1,6,10,22
22813,0,0,0,0,0,0,0
22814,29356,37,4,2,8,21,33
22815,0,0,0,0,0,0,0
22816,0,0,0,0,0,0,0
22817,58958,48,6,5,11,33,56
22818,0,0,0,0,0,0,0
22819,0,0,0,0,0,0,0
22820,0,0,0,0,0,0,0
22821,8498,14,2,0,4,6,15
22822,0,0,0,0,0,0,0
22823,0,0,0,0,0,0,0
22824,8498,14,2,0,4,6,15
22825,2751,5,1,0,0,6,5
22826,9925,17,0,1,2,15,20
22827,19664,28,1,3,4,26,30
22828,0,0,0,0,0,0,0
22829,19866,28,3,1,6,12,26
22830,22390,35,2,4,2,29,33
22831,23324,33,3,5,4,28,35
22832,18040,27,0,2,2,24,28
22833,11049,20,0,2,2,20,22
22834,16562,27,2,3,1,22,25
22835,27304,41,3,5,2,31,36
22836,25764,32,4,2,7,15,27
22837,20085,33,2,4,1,27,32
22838,895,1,0,0,1,1,3
22839,0,0,0,0,0,0,0
22840,0,0,0,0,0,0,0
22841,8673,12,2,0,5,6,14
24001,15584,32,3,3,3,31,21
24002,56843,78,6,6,12,57,66
24003,29370,32,3,2,9,26,25
24004,22194,41,5,3,4,26,31
24005,12040,25,2,3,3,27,17
24006,46885,67,5,3,11,56,51
24007,43227,59,6,2,11,48,47
24008,63592,74,7,2,17,63,65
24009,50612,81,10,6,17,67,64
24010,31783,44,6,4,14,40,38
24011,28753,40,4,2,7,35,33
24012,164383,106,10,2,33,94,123
24013,51637,78,8,4,17,63,62
24014,36633,51,6,5,18,47,46
24015,39602,55,6,4,10,55,47
24016,31433,43,5,4,10,43,44
24017,43725,58,5,5,13,52,58
24018,24692,26,2,1,7,24,25
24019,11559,10,1,0,4,7,10
24020,30034,24,1,3,6,23,24
24021,13103,12,1,0,4,10,12
24022,49580,77,7,5,9,62,61
24023,66581,64,4,2,10,55,67
24024,32828,38,2,1,9,30,34
24025,50848,55,3,1,12,48,53
24026,27391,34,3,2,5,28,31
24027,46170,63,3,2,8,52,63
24028,29873,27,3,1,7,26,27
24029,32488,44,5,4,10,37,46
24030,44044,58,3,2,8,47,60
24031,26937,21,2,1,6,17,22
24032,32804,30,2,2,7,24,31
24033,38370,41,2,1,6,39,48
24034,28691,24,2,3,6,20,24
24035,118893,105,12,2,24,91,107
24036,376884,193,27,13,60,167,243
24037,204099,108,16,3,42,94,140
24038,75476,97,8,6,19,80,91
24039,243284,150,23,9,54,138,182
24040,70142,92,6,5,18,78,87
24041,128974,100,6,4,23,81,107
24042,48389,67,4,5,10,59,62
24201,0,0,0,0,0,0,0
24202,37560,40,2,1,6,39,48
24203,0,0,0,0,0,0,0
24204,29500,29,2,1,6,29,36
24205,0,0,0,0,0,0,0
24206,37560,40,2,1,6,39,48
24207,15600,12,1,1,6,12,19
24208,9999,9,1,0,5,8,14
24209,18122,11,1,2,4,9,12
24210,8394,5,0,1,1,4,6
24211,14986,8,0,3,1,7,9
24212,0,0,0,0,0,0,0
24213,0,0,0,0,0,0,0
24214,0,0,0,0,0,0,0
24215,0,0,0,0,0,0,0
24216,10456,6,0,1,1,6,8
24217,0,0,0,0,0,0,0
24218,15318,7,0,1,1,6,10
24219,0,0,0,0,0,0,0
24220,8894,5,0,1,1,5,6
24221,7953,4,0,1,0,4,5
24222,24995,23,2,1,6,23,29
24223,24810,22,2,1,6,22,28
24224,3339,5,0,0,1,4,8
24225,4068,6,0,0,1,4,10
24226,16299,14,1,1,6,13,21
24227,2816,3,0,0,0,4,4
24228,0,0,0,0,0,0,0
24229,0,0,0,0,0,0,0
24230,0,0,0,0,0,0,1
24231,2816,3,0,0,0,4,4
24232,0,0,0,0,0,0,0
24401,34550,47,3,5,8,34,47
24402,63008,89,7,7,19,63,74
24403,38458,50,4,5,14,46,46
24404,87147,103,8,7,23,72,88
24405,37918,51,4,5,15,40,41
24406,62846,90,7,6,21,61,68
24407,29775,40,5,3,14,36,34
24408,25391,34,5,3,12,32,28
24409,37902,49,6,5,17,45,39
24410,19870,27,3,3,9,29,22
24411,26667,45,1,3,7,32,31
24412,29121,37,5,4,14,36,31
24413,31360,41,1,1,8,25,29
24414,0,0,0,0,0,0,0
24415,0,0,0,0,0,0,0
24416,29167,38,5,3,14,36,31
24417,30565,47,3,3,7,37,30
24418,32787,45,5,5,15,41,36
24419,0,0,0,0,0,0,0
24420,30112,56,7,3,5,45,40
24421,33137,64,9,5,12,50,46
24422,28329,54,6,4,5,43,39
24423,41012,73,10,5,14,57,53
24601,13722,25,3,3,2,21,15
24602,18817,44,4,3,3,35,27
24603,17881,42,4,3,3,28,25
24604,9505,14,1,3,2,7,9
24605,14402,32,4,3,2,24,18
24606,19021,39,3,3,4,31,24
24607,24206,48,5,3,5,42,31
24608,22716,47,5,3,4,38,30
24609,39687,72,10,4,10,56,51
24610,35070,61,8,4,9,50,44
24611,27433,48,6,3,7,43,33
24612,18251,37,2,3,4,25,23
24613,17625,35,2,3,4,23,22
24614,44956,82,11,5,14,63,60
24615,48054,83,11,6,10,69,62
24616,31013,48,6,4,9,43,36
24801,0,0,0,0,0,0,0
24802,0,0,0,0,0,0,0
24803,0,0,0,0,0,0,0
24804,0,0,0,0,0,0,0
24805,11708,17,2,2,4,13,22
24806,0,0,0,0,0,0,0
24807,0,0,0,0,0,0,0
24808,1930,4,0,1,1,5,6
24809,0,0,0,0,0,0,0
24810,26852,37,3,3,5,32,39
24811,4407,9,0,1,1,9,14
24812,21299,26,3,3,5,26,31
24813,22030,28,3,3,5,27,34
24814,26625,37,3,3,5,32,39
24815,24550,34,3,3,5,29,37
24816,11791,17,2,2,4,13,22
24817,2213,6,0,1,1,6,8
24818,15139,25,2,2,4,25,17
24819,28298,42,5,3,9,35,31
24820,30935,48,6,4,8,43,36
24821,0,0,0,0,0,0,0
24822,43643,72,7,5,10,63,61
24823,40817,65,6,5,10,55,58
24824,26862,32,3,4,8,32,37
24825,27088,38,3,3,5,32,38
24826,21839,27,3,3,5,27,31
24827,1743,2,0,1,1,3,6
24828,0,0,0,0,0,0,0
24829,0,0,0,0,0,0,0
24830,0,0,0,0,0,0,2
25001,0,0,0,0,0,0,0
25002,0,0,0,0,0,0,0
25003,0,0,0,0,0,0,0
25004,426,2,1,0,0,1,1
25005,0,0,0,0,0,0,0
25006,0,0,0,0,0,0,0
25007,6423,13,2,2,2,6,9
25008,0,0,0,0,0,0,0
25009,0,0,0,0,0,0,0
25010,1000,5,1,0,0,2,3
25011,13472,24,3,3,2,16,15
25012,3346,8,1,1,0,5,6
25013,1061,3,1,0,0,1,2
25014,707,1,0,0,1,0,2
25015,4233,3,1,0,1,2,6
25016,0,0,0,0,0,0,0
25017,0,0,0,0,0,0,0
25018,11660,13,1,0,1,9,14
25019,0,0,0,0,0,0,0
25020,8623,9,0,0,1,9,11
25021,8947,9,0,0,2,8,13
25022,30090,35,3,2,8,25,39
25023,24089,38,3,4,10,27,37
25024,15969,19,2,2,4,14,23
25025,21625,28,3,3,12,21,29
25026,1150,1,0,0,0,3,3
25027,43520,47,5,4,18,34,44
25028,12295,10,1,1,3,7,11
25029,37959,58,4,5,13,48,49
25030,0,0,0,0,0,0,0
25031,32976,56,4,5,13,47,47
25032,4578,2,0,1,2,1,5
25033,0,0,0,0,0,0,0
25034,0,0,0,0,0,0,0
25035,0,0,0,0,0,0,0
25036,13661,25,3,3,3,16,17
50001,0,0,0,0,0,0,0
50002,0,0,0,0,0,0,0
50003,0,0,0,0,0,0,0
50004,0,0,0,0,0,0,0
50005,0,0,0,0,0,0,0
50006,0,0,0,0,0,0,0
50007,0,0,0,0,0,0,0
50009,0,0,0,0,0,0,0
50010,0,0,0,0,0,0,0
50011,0,0,0,0,0,0,0
50012,0,0,0,0,0,0,0
50013,0,0,0,0,0,0,0
50014,0,0,0,0,0,0,0
50015,0,0,0,0,0,0,0
50016,0,0,0,0,0,0,0
50501,0,0,0,0,0,0,0
50502,0,0,0,0,0,0,0
50503,0,0,0,0,0,0,0
50504,0,0,0,0,0,0,0
50505,0,0,0,0,0,0,0
50506,0,0,0,0,0,0,0
50507,0,0,0,0,0,0,0
50508,0,0,0,0,0,0,0
50509,0,0,0,0,0,0,0
50510,0,0,0,0,0,0,0
50511,0,0,0,0,0,0,0
50512,0,0,0,0,0,0,0
50513,0,0,0,0,0,0,0
50514,0,0,0,0,0,0,0
50515,0,0,0,0,0,0,0
50516,0,0,0,0,0,0,0
50517,0,0,0,0,0,0,0
50518,0,0,0,0,0,0,0
50519,0,0,0,0,0,0,0
50520,0,0,0,0,0,0,0
50521,0,0,0,0,0,0,0
50522,0,0,0,0,0,0,0
50523,0,0,0,0,0,0,0
50524,0,0,0,0,0,0,0
50525,0,0,0,0,0,0,0
50526,0,0,0,0,0,0,0
50527,0,0,0,0,0,0,0
50528,0,0,0,0,0,0,0
50529,0,0,0,0,0,0,0
50530,0,0,0,0,0,0,0
50531,0,0,0,0,0,0,0
50532,0,0,0,0,0,0,0
50533,0,0,0,0,0,0,0
50534,0,0,0,0,0,0,0
50535,0,0,0,0,0,0,0
50536,0,0,0,0,0,0,0
50537,0,0,0,0,0,0,0
50538,0,0,0,0,0,0,0
52001,0,0,0,0,0,0,0
52002,0,0,0,0,0,0,0
52003,0,0,0,0,0,0,0
52004,0,0,0,0,0,0,0
52005,0,0,0,0,0,0,0
52006,0,0,0,0,0,0,0
52007,0,0,0,0,0,0,0
52008,0,0,0,0,0,0,0
52009,0,0,0,0,0,0,0
52010,0,0,0,0,0,0,0
52011,0,0,0,0,0,0,0
52012,0,0,0,0,0,0,0
52501,0,0,0,0,0,0,0
52502,0,0,0,0,0,0,0
52503,0,0,0,0,0,0,0
52504,0,0,0,0,0,0,0
52505,0,0,0,0,0,0,0
52506,0,0,0,0,0,0,0
52507,0,0,0,0,0,0,0
52508,0,0,0,0,0,0,0
52509,0,0,0,0,0,0,0
52510,0,0,0,0,0,0,0
52511,0,0,0,0,0,0,0
52512,0,0,0,0,0,0,0
52513,0,0,0,0,0,0,0
53001,0,0,0,0,0,0,0
53002,0,0,0,0,0,0,0
53501,0,0,0,0,0,0,0
53502,0,0,0,0,0,0,0
53503,0,0,0,0,0,0,0
53504,0,0,0,0,0,0,0
53505,0,0,0,0,0,0,0
53506,0,0,0,0,0,0,0
53507,0,0,0,0,0,0,0
53508,0,0,0,0,0,0,0
53509,0,0,0,0,0,0,0
53510,0,0,0,0,0,0,0
54001,0,0,0,0,0,0,0
54002,0,0,0,0,0,0,0
54003,0,0,0,0,0,0,0
54004,0,0,0,0,0,0,0
54005,0,0,0,0,0,0,0
54006,0,0,0,0,0,0,0
54007,0,0,0,0,0,0,0
54008,0,0,0,0,0,0,0
54009,0,0,0,0,0,0,0
54010,0,0,0,0,0,0,0
54011,0,0,0,0,0,0,0
54012,0,0,0,0,0,0,0
54013,8873,6,0,0,4,3,5
54014,0,0,0,0,0,0,0
54501,0,0,0,0,0,0,0
54502,0,0,0,0,0,0,0
54503,0,0,0,0,0,0,0
54504,0,0,0,0,0,0,0
54505,0,0,0,0,0,0,0
54506,0,0,0,0,0,0,3
54507,0,0,0,0,0,0,0
54508,0,0,0,0,0,0,5
54509,0,0,0,0,0,0,0
54510,0,0,0,0,0,0,0
54511,0,0,0,0,0,0,0
54512,0,0,0,0,0,0,4
54513,0,0,0,0,0,0,0
54514,0,0,0,0,0,0,0
54515,0,0,0,0,0,0,0
54516,0,0,0,0,0,0,0
54517,6870,5,0,0,3,0,4
54518,0,0,0,0,0,0,0
54519,0,0,0,0,0,0,0
54520,0,0,0,0,0,0,0
54521,0,0,0,0,0,0,0
54522,0,0,0,0,0,0,0
54523,0,0,0,0,0,0,0
54524,0,0,0,0,0,0,0
54525,0,0,0,0,0,0,0
55001,0,0,0,0,0,0,0
55002,0,0,0,0,0,0,0
55003,0,0,0,0,0,0,0
55004,0,0,0,0,0,0,0
55005,0,0,0,0,0,0,0
55006,0,0,0,0,0,0,0
55007,0,0,0,0,0,0,0
55008,0,0,0,0,0,0,0
55009,0,0,0,0,0,0,0
55010,0,0,0,0,0,0,0
55011,0,0,0,0,0,0,0
55012,0,0,0,0,0,0,0
55501,0,0,0,0,0,0,0
55502,0,0,0,0,0,0,0
55503,0,0,0,0,0,0,0
55504,0,0,0,0,0,0,0
55505,0,0,0,0,0,0,0
55506,0,0,0,0,0,0,0
55507,0,0,0,0,0,0,0
55508,0,0,0,0,0,0,0
55509,0,0,0,0,0,0,0
55510,0,0,0,0,0,0,0
55511,0,0,0,0,0,0,0
56001,0,0,0,0,0,0,5
56002,0,0,0,0,0,0,3
56003,0,0,0,0,0,0,0
56004,0,0,0,0,0,0,0
56005,0,0,0,0,0,0,0
56006,0,0,0,0,0,0,0
56007,14051,15,2,1,4,10,19
56008,0,0,0,0,0,0,2
56009,0,0,0,0,0,0,0
56010,0,0,0,0,0,0,0
56011,0,0,0,0,0,0,0
56012,0,0,0,0,0,0,0
56013,0,0,0,0,0,0,0
56501,0,0,0,0,0,0,0
56502,0,0,0,0,0,0,1
56503,0,0,0,0,0,0,0
56504,0,0,0,0,0,0,1
57001,0,0,0,0,0,0,2
57002,2503,6,0,1,1,6,11
57003,0,0,0,0,0,0,0
57004,0,0,0,0,0,0,0
57005,0,0,0,0,0,0,0
57006,426,2,1,0,0,1,1
57007,0,0,0,0,0,0,0
57501,0,0,0,0,0,0,0
57502,0,0,0,0,0,0,0
57503,0,0,0,0,0,0,0
57504,0,0,0,0,0,0,0
57505,0,0,0,0,0,0,0
57506,0,0,0,0,0,0,1
57507,7953,4,0,1,0,4,6
57508,0,0,0,0,0,0,0
57509,10319,11,1,0,5,9,18
57510,0,0,0,0,0,0,0
57511,0,0,0,0,0,0,0
57512,0,0,0,0,0,0,0
57513,10319,11,1,0,5,9,18
58001,0,0,0,0,0,0,0
58002,0,0,0,0,0,0,0
58003,0,0,0,0,0,0,0
58004,0,0,0,0,0,0,0
58005,0,0,0,0,0,0,0
58006,0,0,0,0,0,0,0
58007,0,0,0,0,0,0,3
58008,62988,86,4,9,14,49,96
58009,0,0,0,0,0,0,0
58010,0,0,0,0,0,0,0
58011,0,0,0,0,0,0,0
58012,0,0,0,0,0,0,0
58013,0,0,0,0,0,0,10
58014,0,0,0,0,0,0,0
58015,0,0,0,0,0,0,0
58016,0,0,0,0,0,0,0
58017,19542,32,2,1,4,16,44
58018,0,0,0,0,0,0,0
58019,0,0,0,0,0,0,0
58020,0,0,0,0,0,0,0
58021,78950,54,5,2,9,28,74
58022,0,0,0,0,0,0,0
58023,0,0,0,0,0,0,0
58024,92399,70,6,3,13,42,92
58025,0,0,0,0,0,0,4
58026,0,0,0,0,0,0,0
58501,0,0,0,0,0,0,0
58502,0,0,0,0,0,0,0
58503,0,0,0,0,0,0,0
58504,0,0,0,0,0,0,0
58505,0,0,0,0,0,0,0
58506,0,0,0,0,0,0,0
58507,0,0,0,0,0,0,0
90001,78495,58,10,8,27,62,82
90002,155954,93,12,16,39,90,109
90003,121214,153,27,23,57,109,164
90004,467581,267,46,25,141,240,352
90005,411593,233,49,33,163,261,361
90006,139406,153,17,10,19,83,108
90007,303889,193,38,25,63,148,241
90009,469458,222,44,21,83,180,303
90010,328899,215,39,29,77,181,258
90011,118836,173,9,12,21,87,139
90012,172153,141,19,26,76,142,193
90013,500552,263,49,30,155,310,400
90014,114287,140,9,12,22,78,128
90015,658836,469,62,42,175,463,545
90016,373104,231,40,31,81,176,296
90017,56274,76,11,8,28,43,66
90018,59491,75,14,12,22,45,68
90019,556849,345,52,28,116,344,436
90020,367722,131,24,17,55,130,203
90021,128850,192,10,11,21,101,144
90022,218171,209,26,28,98,160,228
90023,308583,234,33,37,80,168,251
90024,596690,397,52,33,151,368,451
90025,554484,320,62,39,197,360,481
90026,171386,155,18,24,67,106,165
90027,440657,237,51,36,160,273,365
90028,473732,255,48,33,156,325,395
90029,440762,211,41,23,79,190,295
90030,246180,179,33,26,64,129,213
90031,132488,130,16,9,47,73,109
90032,480951,317,56,40,126,282,428
90033,476037,304,41,32,108,241,415
90034,720113,521,68,53,193,540,645
90035,255193,165,34,31,65,162,238
90036,478873,282,38,21,88,234,336
90037,564107,364,59,36,191,402,522
90038,193892,167,14,14,36,95,176
90039,153071,137,10,12,27,88,148
90040,351591,214,39,34,134,253,320
90041,501457,288,46,22,138,276,396
90042,474246,290,55,39,110,256,405
90043,457102,282,41,30,98,242,394
90044,52106,56,6,8,16,44,52
90045,559070,340,66,43,168,340,501
90046,542494,300,55,35,127,275,417
90047,529292,315,53,32,173,350,463
90048,44622,35,5,5,18,43,47
90049,461492,263,49,36,102,227,335
90050,437871,252,40,28,90,214,354
90051,244658,233,26,29,52,157,204
90052,106918,140,10,10,23,81,140
90053,285110,179,40,27,105,180,266
90054,409931,230,42,28,123,241,342
90055,614145,364,62,45,157,317,476
90056,571070,329,57,41,154,304,455
90057,476874,313,56,41,124,285,421
90058,232025,355,32,30,63,198,230
90059,444991,206,45,22,124,240,328
90060,171781,170,24,24,78,167,193
90061,61833,75,10,8,32,44,72
90062,332565,188,38,24,101,193,276
90063,398189,225,29,16,68,177,278
90064,739552,518,88,64,222,503,688
90065,547376,322,56,34,182,357,480
90066,559719,320,55,38,186,359,464
90067,385113,200,36,22,114,245,305
90068,709170,472,82,53,255,552,705
90069,106062,118,12,14,37,57,96
90070,138616,205,14,15,24,114,157
90071,239576,210,32,30,63,139,206
90072,258502,169,24,11,43,115,205
90073,140955,156,16,20,55,85,131
90074,173331,162,25,24,79,163,195
90075,503470,249,45,38,131,251,347
90076,242263,187,30,32,135,181,241
90077,274560,128,21,17,43,114,167
90078,521585,340,57,43,135,296,459
90079,128426,136,15,22,52,90,126
90080,630308,374,63,51,201,442,551
90081,189452,150,31,28,54,138,204
90082,166731,162,18,17,51,85,144
90083,469878,267,52,37,139,268,370
90084,393878,222,36,34,85,198,272
90085,98956,91,12,15,46,67,109
90086,337316,193,40,31,116,219,288
90087,550846,305,56,37,131,275,422
90088,574962,331,64,43,172,368,502
90089,314131,167,29,19,78,160,223
90090,528939,354,60,46,148,311,478
90091,385738,216,37,22,68,170,293
90092,542847,305,56,41,177,377,495
90093,528055,277,54,32,120,262,398
90095,510632,252,51,34,142,272,403
90096,366660,205,42,26,109,223,298
90097,598402,386,63,37,187,422,544
90098,331302,181,24,21,47,122,236
90099,358256,202,29,15,55,157,252
90101,518801,263,55,31,136,286,417
90102,374281,198,39,27,109,217,273
90103,245699,205,31,29,96,188,233
90104,341076,222,46,36,146,238,319
90105,445481,260,52,36,110,231,364
90106,180208,238,17,22,44,127,182
90107,620925,385,74,46,220,435,558
90108,119196,132,15,15,41,68,106
90109,460091,214,51,21,92,215,325
90110,134653,161,10,14,25,84,136
90111,385802,209,38,28,84,162,291
90112,438861,269,41,30,96,219,366
90113,125370,138,27,24,44,118,173
90114,538086,294,56,41,158,303,415
90115,208158,275,24,30,56,155,202
90116,223212,181,29,32,135,178,232
90117,284733,177,23,19,36,112,213
90118,113068,123,13,5,16,53,83
90119,707460,478,76,51,213,518,665
90120,458068,304,42,35,101,229,399
90122,136560,118,12,10,28,84,123
90123,432295,219,44,27,136,254,351
90125,546509,324,61,47,180,343,461
90126,408100,250,50,34,135,246,334
90127,406076,220,48,35,161,247,334
90128,743096,555,82,67,235,567,753
90129,158872,135,20,14,71,101,131
90130,101371,148,28,22,44,110,162
90131,174436,148,22,25,83,139,192
90132,102539,62,10,11,24,49,84
90133,209706,157,28,22,82,163,210
90134,166673,170,16,25,68,110,156
90135,142377,170,22,14,44,91,125
90136,184407,110,15,17,44,98,122
90137,306869,175,37,32,76,170,261
90138,82740,116,22,19,34,84,129
90139,506006,274,55,36,134,292,389
90140,460697,251,55,28,128,260,363
90142,292436,203,35,27,99,172,248
90143,389755,215,36,22,67,164,297
90144,648748,400,77,51,240,434,574
90145,222917,152,27,21,117,154,218
90146,74492,68,9,12,42,60,87
90148,509887,247,55,27,122,240,369
90149,686703,494,65,48,181,507,591
90150,96584,82,7,7,10,30,51
90151,405374,146,29,19,65,145,233
90152,592722,343,54,32,156,394,529
90153,656751,450,62,36,172,431,510
90155,435609,161,35,18,75,161,255
90156,191667,104,16,16,43,102,130
90157,490673,297,39,30,112,260,407
90158,136073,107,8,10,22,61,122
90159,454387,241,46,28,98,212,332
90160,188037,171,21,13,39,141,169
90161,166647,124,13,11,28,75,140
90162,64499,92,17,12,38,43,75
90163,456907,196,49,23,111,216,326
90164,434918,254,45,29,131,227,328
90165,441024,212,46,27,112,217,330
90166,190162,293,27,19,44,168,186
90167,215491,116,18,15,41,103,144
90168,175932,152,25,21,113,140,168
90169,165223,147,18,20,98,126,154
90170,290934,145,24,19,51,125,167
90171,135804,129,10,12,37,102,158
90172,189878,177,19,19,53,89,160
90173,258591,244,32,29,63,150,230
90175,375664,222,41,28,112,183,277
90176,534053,321,67,40,154,345,464
90177,17002,27,2,1,3,13,39
90178,4691,9,0,1,1,5,19
90179,30608,43,3,3,6,35,45
90181,54471,73,5,10,19,52,70
90182,185670,192,25,26,83,147,177
90183,584832,394,48,33,138,342,435
90185,614655,411,53,34,151,385,469
90200,101791,138,26,26,46,108,161
90201,0,0,0,0,0,0,5
90202,0,0,0,0,0,0,7
90203,10286,10,2,1,5,2,16
90204,18986,19,3,1,5,14,36
90205,505132,301,41,24,97,264,364
90209,95428,112,10,13,47,65,103
97068,372071,148,27,10,57,122,239
100000,0,0,0,0,0,0,0
100001,0,0,0,0,0,0,0
100002,0,0,0,0,0,0,0
100010,0,0,0,0,0,0,0
100011,0,0,0,0,0,0,0
100012,0,0,0,0,0,0,0
100013,0,0,0,0,0,0,0
100014,0,0,0,0,0,0,0
100015,0,0,0,0,0,0,0
100016,0,0,0,0,0,0,0
100017,0,0,0,0,0,0,0
100018,0,0,0,0,0,0,0
100019,0,0,0,0,0,0,0
100020,0,0,0,0,0,0,0
100021,0,0,0,0,0,0,0
100022,0,0,0,0,0,0,0
100023,0,0,0,0,0,0,0
100024,0,0,0,0,0,0,0
100025,0,0,0,0,0,0,0
100026,0,0,0,0,0,0,0
100027,0,0,0,0,0,0,0
100028,0,0,0,0,0,0,0
100029,0,0,0,0,0,0,0
100030,0,0,0,0,0,0,0
100031,0,0,0,0,0,0,0
100032,0,0,0,0,0,0,0
100033,0,0,0,0,0,0,0
100034,0,0,0,0,0,0,0
100035,0,0,0,0,0,0,0
100036,0,0,0,0,0,0,0
